Rank,Title,Heat,Link
1.,推动党的创新理论更加深入人心,,/l?e=cd21YqwVTz5zsaqhmCiRx6%2FzzB8WVnA%2FNq49%2BsE8UIXyJSKGjoCeumzgRjJMJ%2F6lhrpd80ncd5lc0g6r5NWvhMMAGLELbu6l0KB7%2BEryvrtq01QNH0lQJD2e4yGP%2Bl4g3FOcnT2qnGvTRRVUApZoUajyCLIpduYk3hqR1VAV2SUgK9Pe9Skld3lxLbPjtBHcNel01DflRh5PDXw6U9O%2FvNe93ptZH1TU4sK5wNYlr0fnw2m1V1OscQVqyUt4oJjQi6Ou%2FotLgFn3g10oim6Q6l7yHvWZcd6oIgznUcZY%2BRZd8e8XgaeFzMChckLU4zCIBtL9FmW1YmcihoWAdxFZSIVhkC2WgJwGx4tN2m7EMULQeuPvARPXrcYD%2FVGK%2FnQB7Nrx1%2FJup1TWTgIr3yqXTIwOGGkT0FQ
2.,男子吃掉4500万拍下的香蕉称不错,237.9万,/l?e=8b3bEnXHhI69G60vdKMhPo%2Bw3hh8bQIW1PgmnKHwnUx5idnsU5AEqo%2FG91ei0jbR2ohtptNvQrjzTfj6C1smX0OakUFVWF7Sqb1f6uPLueCWIBk5UygIQgQ6bAlabxNPuzL8seSHA1UMFbYc0DaGSZNKOhPA4fJhJjbXRrHMSXtCTMO1JdtiC%2B%2B0QnhAl9KUr61S%2Byaa4S94zpID%2FyCtwSQm7a%2BAZuK1Em6AlRcxWpL4Tu2TH13RyYfCaL4yUYUaLm%2FrKLQL6to6Dn2rNB0%2BQMYMa1oRLlvW%2Fwkk85%2BHWTpQ13dern4UaBPYDjZpyTuv%2BhhI2CZ2wkWUkouxdB8BYo5RabVBM%2BUZ%2B3EB39Bwcw1mg%2FxEVBZng4zDZXCKZWm2cF4UoEvWkRIVh0dw
3.,在靖国神社涂鸦的中国男子被日本公审,129.6万,/l?e=91c09NPi1pj%2F1O8Vzz2QRVNcsHiG%2FhxbdGZAszx8m9J0qJwARPQ8nRbTDh%2F63FH4ZJRhCqijcfqqJHnk8v0Qnr8ZnGqUOG2p1j7XNin7yGDau6mGFQEaJK57RS5l3Ze585aCcesS5%2FO5opsQLYgYEv7dPCTsYLn6lNa6SH%2F6iAsgRBiK6p9TSntgTnz1KTS%2BLBEdXd9%2BpMhSyn%2F7n1Gm4607yZbVpDc3luooKq3WhhGrwhv70MKmzML1RqQWxa1DWtZ1WU56Yn6ona6MG4C9fUD7rS9SIYmyHr4kPxP7GAHvv0r71J1a%2FjGI%2FySuQ7IuV70opCmqlM85EMB%2BPJwCdiZS1RLLBnt4rfGUKv%2BHwLiCEwdM3rRud4MHp8CjhHCBOQ%2BiuNgRbkVpxQYHaC3mx0YHRYpIJXk7z086Az5oqA6JVbpimH1vnScKlikqLXd7d3BuTrPY7nrb0od4ZvW9Ix%2BwmNc
4.,何以中国弦歌不辍,78.4万,/l?e=35e8p5yBD8NvPfRjlNUbRuhf8NtBZiY3OPlMm9cgYPrMrKDjhfMr0AorvHCVBFYkAz5KejfCqjEye4EQybMdKHK4lF3vdA7ezO%2BYK%2FJWhl7fLOI%2BIwnzwFOokq%2F37yMJtoHgZSpe2ZvgI5R1Vhd%2BcDCnqJ%2FL4glmmup1ijgKwMhaA4NQx46tUSMTik4w9q6d1iXMQqy0w7dgoMsexz3AeoY7ZWYHSYOwtjJY3ran93AntTJKvk%2Bwzmv0bdaGwGCXBbF1jmVPO%2FRqG%2F7iJvD29FY8RQgpZBiPmeWQEoY
5.,男子确诊肺癌医生一根针冻死癌细胞,77.1万,/l?e=22b0FLJuY1Xl7sIUNF1%2Fah%2BHkJcCLFnW2gmmvW10oBOkJdF%2Bp9W7GBWj7WZHbTZdmn6XkiCS%2F8322HucUOPEkAxsStCYKw%2FxFg44MwMHC%2F9G7yz%2B%2BltWLoA11WGVaJTFaVcbY0XU8I9CjDbDOxQecqiLCisrT1riSlua9A3%2BzLsyvy9keNSz9TiohUyskJgi5grhvK1hLvRVRbQcSfDuXetGZO9oebIwTbPEhY8ZQYAkx75yGL8dyZ5HfD57CWW5ARX4q7ND1FBKLvnGJ9iKQDyLtlTZVg%2BfUt4rE1sgnT03OO1vVNOV3kF6T%2F7vJ2OIuUklQz3lvEsOHdqN1OS2DmxmUyqekxMTXIXh3GjBDSUSJGLuRg3UakOj3dy5mVy%2FO3P2O2EkVu1mR%2BHhgiEWigfJ%2BxJL6dKvLRjC5mVILBSylMd9Mwj485Ts9lE9SpqoPsTEIUs
6.,papi酱 是狗把他带大的吗,53.8万,/l?e=d0cat4ThHksEvwW3Vs6ltJCfGdlfCkoFpeLkN%2F0oph9vsiadmymQsG%2FJglqiuRGGx90pgwhXba2NwnLEQoHVk3lkxE50eSXusiIbSdfsY%2FlFdW1Ro%2FVv4DKMhIIM2sk4djJ%2BXcl5sNYptes6PjK%2BUnGAkMgBKf%2BqjofWskav1ntyj35LBOStLQa2oJqAAhaCWZfqiDP94M9i0lo23JlIyit3%2FRRZ716nS5TDEQL0KLEDj%2BCF66DSbVEhtPV6DxwPgnj5OYlJajYGHd9jAXBNcE0jlRbd1fvsFZqHyTqrr2i6Q7mQEe30VsNFLmXN8pJmpYb6
7.,iG官宣重组,51.8万,/l?e=667feO0xcoNdBEpVHzhzAkPbQIchgengr05BWybkVHW8SSeZ5v04EBB%2BPbU%2BHRNMhBZMIKgYX6oW2uo37eCAo%2FW0lk7PAgJAhLSZ5ttfq68rZZx96LX3bL3lDRSAyu4AesXClwkwXJ118KLbtlFb1aUfbqk3NR5vQmHPIDFkHraAZvWOS1fkJoDWvsU5OG2m2XDvIfnVoqWl5blsz%2BFRmHY2sQ
8.,带着微博去旅行,,/l?e=1af4P%2Fuu9LyLoV3adkQccP6Isn3FEGMciiGdtruVoyc2u%2FXKo3Y%2Fr70ygy%2FmyyQuS4C8AY47nubDtls2ERamb6TFl3RGUZzGMLoAY8qCVd2ZkUO3VWlhtQ9GkCE0mtBghzSPGWIMTx6bgDYB1xE2aXIhpct%2FQgOHYEqTTo2H0F5YrocTj984DHzDP9aPHEfui7bPfXGQmcH3OQqS%2BrxKQy%2BFe3I6E0I8yR9x8rI8swpOkaBDfqRZa8p6HJM2PzkXzhBWRVqpD0IAMO6m9e0
9.,婚礼前一天46条喜烟全被偷了,48.0万,/l?e=661f6rhilt829FuLNYv6ITSPA6PSKzaHnL1CsSoXCJV3pmuCEpJWJuTRcSXZCIQqjTWRwGir6tccvSX1Np%2BGNuHskMV9cLO4esyqMffeIkehvxYI2w%2Fr639d5suocQq1wbmN%2F1NWq7xQxVOd3Cyr0SGlRYVwNahgJIVrH4IF6F7I2OipCWOybLOrp%2FBbyMPBtnMwtpczZSqL0n3G2vqGD8YKBvexbWbgu6UYwQvmmh%2B5O0HvwUK3JQibZ5lJ8TFNmnbUVsjz%2BWvjTrRvfxgg%2B47Z1cZv6p0zCfpA3jNTbHVrQuBR23f%2FoVPjpi6AxOKm%2BZRB9xejVphJ01af5cZI2FoQvLufhZPW%2BX%2FNWa0K6IMeY3o8cYn925XjJA
10.,张朝阳不建议掏空六个钱包消费,40.0万,/l?e=93b7wJHY96IqyBVPeW3WG8UuruyRaAiAntFxOp6ixA04%2BsXNCYxXtB8tngep4A6sFlOoG65gtc0ueODyKRQZe%2FkRHusnT0juO8iD7DWzsX942y2Sc1gYoPx4EZwYNqa3EdOGsEl4OFxGvamSMZrGyi%2FbaMB8YedXpDjYsKkZndQEo9mmSpFJ9ODgES14eY%2F9RTIWyTpLJpipNKmT033aMxl8v863OuMTaY6tIFGxFE%2FXZYCZT%2Bos8wT6Nkb8sPBfRmrCejJeE4Iv1WGwYxN5chcGKSv7XpsbqbNBFAiMK5VKMk7P9Y3%2FseuSjW0X7gLIdfmqvoomgh52K8C9gqhT7I%2FLtLTs2F7NhYOGVPHyypLveJRZiB6reUx97Xv5U%2FthA1Ynp7VCBlFlwlCsh6bH5zKdI4hmbHA
11.,周密 刻板印象,39.4万,/l?e=34b6pafR1flmeG4zTRGGDBzyVuYVsfzosF%2B5x9tN3%2FaqJ3EGUz3caxTa3sw%2FU9rKmDIVu0uxFWUlME4ym085%2FiAe4qrYUYIZTa%2FTayEcPNPgVlHntJcJ2A7agw2KKb0Ir5pWvQgHKQ9atIELhCsl9iRFz6An%2BrYXuEUdmDVY3gtLRRRml9N%2BgkT86jn%2FqUcZfgzAcQyBNiFBoIFPK6%2Fdx9CCrcGHp8yHR1HQ3MHEgrkMd4Kj29CKsOTbx84rxXCCJGo
12.,员工已读不回负责人凌晨爆粗口,39.0万,/l?e=017aWMC97W7vJDT6AmOxPQLgnSaYnSOGrkXUSz%2BYoEihZZR1h4K%2BGa7cR%2FYzC4v01nqj4ZdSwmqJ5RdLYoxKHa6AhKEEPRj9oDKpXpzgfBYhcdIs8%2FUefTpPCxixLPXIzhtLSmd8ET%2BY4Rj4u4YsEZnnZEr8%2BN1MaL%2FbAcQa6GTsCAQuxeuqes934xoSB6LWcM5UgwJ5MIihNB6twn4TY8nxNJNq5sbQh%2FKFxGAL64qvi%2BunhrQVQDTrrL9E17KTVhDmnAKfH3ba8jEtxhXvjsBs0C4r4cLUY5N0VLNeDnLBDKoClZnpGRF7Mvr2Lj36q3%2B%2F9TAVoCXTsZXeq4ePRxEjc9VgK6u2mSrOeja10Vsfxbh3GNXzfOyLgZ8Ybh4Dyuzt6FcODtKWU3RyuDf2%2FHa5UL9aCwU
13.,合肥LV柜姐离职后开始卖货,38.6万,/l?e=971bjNggeqyGPFFEjUoaz3a4HivLMtsLnrH4Om%2FkMlJPogcbHpm7sdUW7IprenD4mZbW1X11QhY9TDf2bivKsuEcUmm5gw0Am%2BNtfqed1NBxOLJs%2Bg2rwrhaym8ndqmaQb1eCTbdzKnCIHWDxCxxR8eN1kURzV0x7sgZO23iOx%2FwbIYD6FkXgw8so9ATHfMcJW47p%2B3sP2rrcqZTFJk4sxEsELA5UHT7Qvk%2BIOTheeccp5ulk3h2o7TfXmA%2FvRQn2NRtuisuRLfsO%2F4znKmSYI42y%2FRF%2Fnd61kV0t%2BaFiNxZjxnKqkQO3iPKteKXGmwb5udWfSs3dKD2QaPE93zAvxhaPbEa95uykVWk4g
14.,外交部回应优衣库不用新疆棉,38.3万,/l?e=8a97xfRZaoNdgT9fonnl56x3Z7wcyOWtN7e2em%2FRHNrnwM9vzXcLYV8Cpjmm7G8XjvwRtmBHCZUnghyt0K3L4ztXIdQmP3Wdg74KH6Xj2TfIAIxuDLK0BxHbFXweymXpfClp1EBjQGFTpOCcYLAGfvypVj%2FN3patMZzcTJ2NyS9GCyeIy98VDz3l0JFIbPbi7HFZ3gd1CtMeu8bPK34tpCurxwMOx9Rtf4Kqa8sRTJMPRrlZ3D5Ol9jdH%2F%2BAnQ4FLm2D%2B5cgZWXgdwFhLKRKBH%2Bb4%2BchlccLqhDRD1mqK96f2c1hx7iLPksiaXpqW7G71Mg8M7YUo%2Fh%2F2HxYUaFoRxr2uOdHhDGylMPlZdHEmOKoXTAH6z6eK7GuNkNN%2FoXT1KFbcdLdtrA
15.,彩虹夫妇第4胎产女称如愿了,37.9万,/l?e=2770u%2Bw3pA9CmK9qB3rWhoeWdslCNyWdX6ZgnAzAaC%2BnD8jRgvIihbSo2SpYEPmep4GEijRlaHYZPF6r8FftS11jHGhRtKVn2wc7lBYQ82jKrUBZmW%2BETLCpHn79HisAjeVe5xo7Sy8bOX%2FKYgdyOTzbYUDZYzAvnvxFDqPDffHvWH9veYOfXO1pVX8rwt7v9qgnZbj3W4g8N5yrKLAy4NK4AoqGBao%2FnCtR5lr68G49mIKV7p9qTInrQokKpyp6rXHLcA1CIiwJFsXGjSCP%2BtbBJEFxNB%2Fyy28EebwLsCqGkUurz38Dir%2Fb9SH1KGXAoKLz3QkvMp4jbn0VA%2BThnZKnrOlrafMQ%2BMUyjjPAtxyDQgbf7%2BwMf3ua
16.,我支持新疆棉花,37.7万,/l?e=ab109MsPcedwxuzJ%2BfsJvZJ9prx27oTSTGtmh7T83%2BQyxDa98QNtWWlFeQ6tKhaXu%2BqD0T6CBWr37Qp3PEXuLbpIO51GMZm2sACyfbhYlDgAsnW3poGCQ1lOiDHdJQgJTC0XTZvTGiHXOr1l7IdpxJKRRn1hP7O1T%2Fhpj4dKqo%2FxCS2mFoQcI3zAJ498j6CHV6AWGiINjnMhDCzYv5IqpNU08FvTPUoc343vezjZVJFHJgBs6BZuAIJO4Kx1UvW3q6LUqOoggb8SWSzjysw
17.,这些OST一响2024画面感就来了,32.7万,/l?e=2a7exPHeVNTVsFQsrJJKGZCv6oulVZvQ1v1Dl4YzddV7RRUu9TUvs5NaF0J5Z5wpmlx4bCsGhqaEByF%2BrDSABRXEUaMJQS4noB%2FtL2Sms%2FHnl7E0NcpJla0C2RAjWO1uGwf20ZXr9Edl0DXcTH5g12v4wUtBG9WDTVKaleSDt%2FAnXowbh0Ywqz7uhqOIQqQxkEEyoEFJobtu%2F6YXdO66ooXQHZPm%2BIeanlRANUFkrg%2FhZeHUMUy82JMTaaBTYxkiqc93s6t8mdM0Z4NiVQrTR3dFpL2jaHxcqggXWuqymntrR4BS6ugbuWTSKQGaWoNkLNv89tbc0MKOCZMgZB1KbZ7A
18.,婚礼中途停电40分钟气哭新人爸妈,31.6万,/l?e=afc61rDHPLOCFZXZrFYQp%2F59mjZBxxg9XY%2Fjx2lq4fIILceWW0G1RC8A5psNDSJwhhqNl19o7MsvAWm39Fg341D%2B9zCIgr4hYhxoS5ETPZHyalSHh4LoG5zgZmQ22Dna7Rr6%2FKNWoNiGzXLrenwzlLbS20rJ06IX%2FLi96DL2LK%2BgAiC1swyXml6ZBrMjWoiQ2BGMCVC%2BMy%2BLB80twn%2FPUK17BO74PtjcdEeE12i%2Fsrdcp0Ev44znkUKYfLc%2FqP7uMCjarge0TgcjV%2FVzqq2XwEHJoXdGIluMLryXf7Cechjrq%2BwQm2r4jdTcELcscBxI%2F%2BFfNoTs%2Bz6KRKZgYNEKrFuV%2F4lqPWmRNR%2BrJtdhTO4NT5kUpkQZHP%2FrqVPnqhrIHAFvQfqd6O9xg2Zqo2pff%2BpRLs%2F4DuFGIg
19.,王安宇去有风的地方旅行vlog,综艺 287288,/l?e=8892PH4BlyOD%2FU3VngvLlXAV3JQr4eLHRVADEiHB5yrj2yXK%2FuU0LVhnSsQmhkHrOR6MplEPMBjeFpkyPhrvZTv4zu2X%2FHUOIWhiFHt%2F3Tc89Z5eh1hECEGm3XUBltt6yP5y%2Fjab4JGh7G7n9skuURrfCvFFDMCAN43CDH3n9EmnffO%2BoutA1GraHQH5WO79FEKNKgpJ6GJBdfdLpDhFKRyR3wf70FD0WB1KMP3U1P1IUOVh%2FnSwVblWIyorxCPB2TjzF3P1gVRWYxNWUBhNsrX5Y7xvbsT7kY8W6oEOoUsedxjj5IIGQPdVVf4rTE5rqoID4fu1GXijJOLL0m9ViuRKaUx1oUiArcVVCTtg
20.,周密周芯竹聊天记录,27.5万,/l?e=bf9dfmrngH4ZCD4AdQ1JHZ5tSYQWqsvOb4eFwmPUyl5Gy1goW%2Fd10kVohjCMh1IItSESaUqt3bqfzp7tYnCitGzTRYQzQ4X7jHXDP6m7oLFiydYjiD53q8qmBWcG%2FAOu68U3LCjNrzrzOTPeU%2BOS%2FK5Qt2mj9vd7xz3bAcISsCy5dlqRInSpx9xlT%2Bp5OUho7i4c94rbXhfKWMKC3qwmJD%2F8b41V1ZwJqkIGzTK04FbSoCfa%2BiYw4YUTPYlMdDT9aSZuo7pU2nC21AmjC9y9Wovna7NYnDCahDAl496FwY2lW5OBkyYob14Vffc
21.,时代少年团不放弃走过曲折,27.3万,/l?e=098795vVyDu6OriTDNWibVDVDyBez7mUJnZBYJlLyTJ%2FPuT457BpUDjcoXygsoaXb2HE7wQRaNNertjYsJPgdkS1TJn3hFDLvNoYh%2BDTE2av%2B0PQuJUiCMMFsfYJqYRQSE4C%2B9VfRjLkTglE8Sr77iJe0JRFC4Phu2rgWBLkc%2BmZlHqIChc1WJvJyNWzcXq1IqHTBVwYJg6bs7i8umidFEUl00VjYgAdLhoeoyd8gvuemZsBkdg6f5aFfEJW%2FjH%2FugAa6BoQeNwMHEoj6CQp6zoJWpTu0kaBdHBTrZKTKFlXtkfmYmb%2BN8U2HAEV19pbXIn1EuvZUOXcQcd7FPKl9Xa5MSXiM5DnwwoWg3jTtBXvPrnge2ZxEOM
22.,男子为吃野猪设电网猎捕被刑拘,27.2万,/l?e=77e5My18Q5YleGmPWN3LPq5bfRauMskXQLbz8TLrM5XAyyiGkRfd2OVvdub9Qs1Mfm8Nx0PlBe3M%2FyZQE2PfK%2FOVRGf3qeF6FVLKf3daRYQ%2FnUT87154qtzS7Y6O5Y796eJhfvoHZYYRwYBOewMJ3o%2FTPhDc2llf7qbOWTM0Xye%2BKhbvC4aVe1tQkTOSFu1EjrHVJ4CSE44jMftdILCjG28MSgVTBPxs4LUzJ%2F6lzo8uaO6HHfpGxzhojm8VWoOKihVhoyteVj1nvdI75SOAWl73BEHWRCf5bZy9eAIZL4gnYeZYa%2FyuxyPIFuduuxRQ29%2BgGxVIAC2zgYlj%2Bn3CYP29O2%2Bhu4DUZTuzdCrSnnYyV4bzo1q5EVndr%2FAZ%2Fvqm2q2wze260GKel1tDEKStdxxSJIKomAU
23.,结婚3年流产2次竟是老公精子碎了,27.1万,/l?e=70158dGOepXfQ8lLNBSdjLTFVTuKWJIADafOSHqhK2e5qrh%2B9gsVjApqAxkoX0enm2UsTW7TO00OTATOFWKCfUXclzJAO1cXH6RVze7YqoOGVamfhoKsaAJKuX01XuER7PvYEKy%2Bo19p8LfEfiy09K5ubcyfJQEih%2BOAtnryDQoVWRXIvsQJC%2BWA989XYeNfj6cxByGbYSQkST99UMlZfVj0WA82NH48ZmZrGzL9cVjVKh%2BMEXXPSaKTU%2BG6I%2FzXwaSi%2BkxHi1mY2GJ2hLy8gOFhcN%2BK2m2YmXOoQug84t%2FAPuIjdSFH6a7aBkGXN8Wu1BwfCmrteIKA1PPdysEXT5mjE1tGqv7QKJcnexNlji8qnto0YuyIP8SzbRvA8kz%2FoX7fPmEm3Ga56CBnHDucLrPsY2pOEHNs6g
24.,蜀锦人家今日开播,26.9万,/l?e=df22lZkiFlfvBRCzmYBUeoqRCzy7DdZlyvqUn9ZtV%2FRVhJRI%2BIsny5xuHUCHB%2Bm3EKGtqYt%2BRU4ZaK22uJphdxTYi2F0LL%2FEwbLhvhLWbZTtHj%2FlxOB2KeDMuEeiDi7moTqADjIeZe3AtGyzBKQ4iE%2Fr2QtG%2FXFdf937DAU%2FC5nVWQzJyFA2I%2FUq3OLveCbCj4KATCCSt8jxOYxLaDcVMdvh%2B2dwsiMknd6vADLKaOYuC6V4LISJBLIFLiFowAqsVt%2BWwMSjKZ4JFPQs4e8sNJ8b67CEbmeZqiIT90g
25.,虞书欣丁禹兮 一个想靠一个想搂,26.7万,/l?e=c581OOqZYM%2B6t%2BREkQIImpqdu88JTzrEAX%2Bbscf%2BPuj7E6XskzUG%2B%2B%2B0Y6X8qQJDu84le70peP7xk8uRrobB3D7LC88xJAqfT6pPCCddYqTu7ologyQN2JbMZe5iu82St4pEj%2BMq1YCLJXQv%2B467scrGiUvMKtTOvmCUglnNJi2Nh3zW1wX7SdhaeJqC81jBSnX25y2YaH28UZxloFJ5aJEDRg4jgXme2QJ4wPSVO79R89OVugnSkSLSWIsS7oWiO6qxBFtM9eTpXoekc%2F7kbqTZoIgWu0ZfG1wl9w4ZWL6DMWjUbgwsfThLm1VtaYZqxBiQgFnARzmJLt6PjIsa8ytZNcTF9URYlSpHy%2BNOofXm2Uhvxta5a9760egupzQBxk1lnb1U%2BzuL50u%2BwlOC0umZstGCrfrRKsE
26.,闪耀暖暖,25.0万,/l?e=1453X6Q5Rxwx%2FHbS14d10Mo6kxdu6IDiKkE72LDfVVArn2iHc66o7txNUk1%2FuCtOIs%2Be8nkvbq%2FoBRbs9rnZAMcZa3FCk2w0ecG0SJe8TNU%2BGIWTk07dSAUuLZ%2B%2Bf4WlzoJTnA%2BANDo3PRr4T5HrZxxHa6eTpWgE72hrkBpA9%2BX27KXt6Q%2FA126IHkJvqesXWoGPMuthAf2CYqdJOddnQfU
27.,戛纳最佳导演镜头里的杭州,24.4万,/l?e=8fccAzK8%2BQFSnUmQ7gjEIb55oXKZgH3jzRsc1K%2B%2FENLu%2FUNt3D9pdgPTZOn%2FdREZjA7sl7hC77uct0GHCe4jV58m4uMI2eSBsb%2Fn0MjFnW27jkgXl4kPUZU8rizP%2FdmOKzktb6B1N%2FkVAJINDyVRlN2MMcTnoUk18%2FNCF7kSgrwfHDk5c5KzjW8gCx1Dvz2Q5gejVNltfmxCtu7jYYd5pwSB%2BVhREYplN%2BBZ3kEaIEeWQMdVhAkj3b6d4Iifm93Wbzp7Zi6H3f4Q9qSFwuEdOuhRN5tB7v6mUvTcbhzv4ivfsmh3fCdyYOOOD5NkJJ8Ibp8tCtzZVX5sROhwghlJqQ0R9%2FrLQjSdlfst%2FDL06zejFdG3xnovR7w
28.,你好星期六全员晒初雪穿搭,综艺 242644,/l?e=1fd12ZVZsVDSk3HKf8x95%2BeLRLFhNBjE50FM1KAYYDTuU5HaCwB3o%2BA6AnadfYl%2FmdrWs70ZLuRSkgBwYACRgzHcF7DaOqHBe%2FiLQ1%2FNx4nBm6O17vY%2Br2px5tlelOFEqfZwgEdD93jb7zdSVrXJbE%2BbuLzeEPfckIzGapCZ%2BYGWCSz39Ae4hoXUId5SFORdoNFKef5H1YB6EIkznffzwnVEbuaTrEleDJtFw5VQ47WzR6yDdTkFIa5vuSqmu%2B6PTBVxrkSZdaqb8hBTtV%2Bnm1ydHN%2B%2FA2VW7MFTD55gvpQZADK2GXT56r2MK7u5IHbrl5k%2BnMv8aAlTmlrkEGWeizafz76gDFoPwxFkDWtpBt%2F6LNoxnbNVHoc
29.,英子开门你的川来了,24.3万,/l?e=d47fE42jXtV5%2BwLnXdvnnmjh6R96A6KQwO79SMNel6H%2F6lIeWvNmly3rqJgLMxnOIrBgk7prSPwypWOwTbPQEqjtL7dUzcm1vASpY8lxBsY5%2B27NQ5OkHGxEv7c184Z8YIo4L7eCHZ7zRg5tYn3bJ7YVsZeJGal4MQd0RnTdDPhDTiThyrEXjRkNWnJ0pscPw2UiW1tZGtMRJwvcE2A1I8%2BgogrEr9gwmYKpum3jdzAzQiQ9F0UrPp8nLUoAVcXIJALk0GPv5vdirenugFimUsWAPCUo9eFG6Aj4sx8VcURhoDhDGJMCWIG6ah4
30.,陈小春养老保险有点多,综艺 237002,/l?e=ba39p9vU%2FehR4D7tt8orTQllAzkGl58TMojkl2MRyYAUAotT4lzHxYSSSWSTxHzA8iV%2BIXRVsXqWEHa1DYttU1GkLDdJecNkNH6w%2FyhMOJiS9LoLqi0sEIhb0sKpNzsoPKvfCAqIaoVA1Gng6YeJXzN2a6cOnxtFB9YpFhHd22dlKDK63RwrDpk1eseRRNNE7oLxD42jALkscdHQ689SElsBB9qFf8fdJIfzkz9w4TZ9BNBJPvIfnK3YAspVqrUplIhEqIkcy0V1H2UmEkfhWN7pPg2ITjR0qIxNCIDJktAzjaNUQJjyJ%2F084m9ftX6eAeSloFZM7UrAIT0
31.,兄弟俩盗窃2000元被刑拘,23.5万,/l?e=d504qLN9ERHiK6qdcO1AXXpT7Twua0uUjT7VZdjqjv7racTuyCyFOWY%2Fg%2FHyn1UkdVB6iiFLWrZO1F1nYob7HE6UnVbM6Y%2Ff8UQtO%2FWyhIBxBePDFCoa3iXGjmSg8Xyuml7qM%2FBFl7%2F7SwWHZBWa5Tgx9bvuudPPepB6dgZhA5JZ2uMG7lNDpQMoTHmQypaB%2BOERQ2biqxIGpiyXH4VM22VITXNbtmKIJr3zhkRT4RgU5fklPov%2FWT3dxHHz8ySWq1E5%2F9MKZbcZHNVbJ1iWRGCcJEXmVqfJLqx1BtryUbjZy89Xyd9cB8M%2FqWEDP9wD
32.,社恐i人在大山里找到向往的生活,23.0万,/l?e=af89c6bR84iyITjSttAIRjX6dh0xvqjbmPi%2FzsVkgEiwgo6GiKdbwtef0xc89a4Xx%2FARbzwKSt%2F7O1opRH02%2FIhI6qeSsM0HMDkgmJGDcPuSL0WiUGwj0smlesqjEBUyTq4jQeraaa0lYZBSgXY9RlqUOuggcf7VapxYanSktlWkENm5Os5GCo1TXfw%2BuM7B8nsHDYFq1okW0nWSbvewUdoD27v0coDdO4pQlA0%2FVKQ498LkACDP2WyBl8rZCm9r7f12Qv7zAbOnmKhTJopPYd6VuklXuFMl1846SyXMD5UuEhG5of1AM1Rx0NvF%2FtbQY1Yshar5Td7yUApNTm4fjVNYjUZUV0J38p3Vev1c%2FFXEHnEBCKuKitQPRYgq03BUfX3%2FAGWbSl%2FXv%2F%2Bi1u4RU%2B8ldmsspRqv
33.,叙政府军数十台无线通讯设备爆炸,22.4万,/l?e=510eHzDF74CxAVPCUqlZSOa9joFXjM96rWPRGtG2kp%2B4pjk45ONJScRz3Yj2pQc%2Bhc0uxYJ3ynERllYr1HjnmXJ4Sboq29caWBS12c6UkBW8%2FwGo5NtscshA0tuKm3HSbazs7x9oymribEA6eWkFqOczGvzsFFZxpxhUlis0BxYmPrP6KbqePjD3xSkjwr9it74delVCo5zGq2%2BmOYy02tqwe4E8kDEKlQotD5joco8EdBsElfxw05THY8g%2BWYlD%2Bxea2GcsWDeUGrMVANWxSBQ3xfpFSuliOiUruJBmDrUzQj4QfULjUoB7G7bK6y0X1ZFB%2Fl3g%2FgR1ui9Ql%2FbIY4W%2FjNCyInQyIimEVAdDu%2F4iTpbBvTp%2FxMhkmUC6RMkPhOwtIhdKP7YR5k9dI%2FJZSuTXw59XIjNSwdyb3%2F7EwXqRQqDj25c
34.,GOT7明年1月完整体回归,22.1万,/l?e=e141O8b3XLE1MkATQ8g8IJIwFW5pHR%2FGASvNSSl5oGZCryMTOZnpzlaGfwFErR2%2FvHf9Lmr6VMxgP3V9koakaUFJqlPNUpITDvlKe%2B%2FimRgaLStsmkh9uuAHF9PWIvu%2BOuZO2Vo58ovvamBrVRqoonqUMzL2o7HWBoK7KvjcplRk%2BJU09SmaUFbt7XRiGWe016F3RL3CR%2FcLy5zQ%2FXwVFPuob3wyxwIoDh4jbyu8s3%2FUI1xPnW1CIcgOIThDFnx7GVSHTCAeSZFFQXsE9lNNRcV7TeNiyZP3mS5XY4147rEB0g
35.,王安宇怼脸拍宋亚轩,22.0万,/l?e=8876qLJOoDnq3zxLrZUOGjIQLTnH9l4powVr9iwZ%2BPvRT3PpQYmhOGVS1sLBL58Fx6yfenNGfoEMM8JFoSgK%2FkoacLtoHoYy7i139I8K%2BRzUHXfhcXVjZiPNbvtbIDe%2Fzxk7OUFmtxqy27rwpTbirYH0%2FjDDwxrQoB%2FLhHVE5lJsWdShe1WDjoDtR%2B8tQtmYcRfnA7Dg0JYvEXfugz8LZLBoGjGPWV9G9utp8MO3wlMAilOKoALoAExzEPZ01RVxYD6BU7TWsbPMfwz%2BYFTy8mpAIG9%2BnqKJeYib9WMM%2FNjIe%2Boy1CzFZQ9%2F6rw
36.,2025国考最热岗1.6万人挑一,21.7万,/l?e=6511DSPUNr5MmYB43o7g4B4iErjXffOHWhxGt7UziqRlQhOKV6zqxi8CL%2FO5%2B1LrZECbe%2FJGcUkjUvzQ5PSnAtCngFIWy%2BHnwRc1z1CaDUsufXmml7u%2FxS1BRZniUpoXHa01DyP9VfvTDB9BPcqp2PKFZrxHOvr7HXDZB0qcoi2plkOJAggO9Nyfe0nu5xKgXhuMTBHmVPcEUVnuJfCTZgLzm%2F2OJCR7Ky8aQqvyZOcf2eISBY1tFRmwOFc1aJBcBXzN0ISK1aWbfKzdWQV6ela83rodzDmQDZYU81UcLGOUiOM33wWnzUObdOBBOz%2FuqEpK
37.,华晨宇 幸好我是一个创作歌手,演出 190324,/l?e=b5c6lBr0dWwbDbK08oaw0U2mH6pgbkZIfRWHIMKQUHX8DC%2FOvoMaIQchWZOEQiSRT8seY04rjHRHe5zMycQfhbSquTMypd%2F01JbI4wVo9fOa89344YALMerHHeW4m2G9cn6iDaHEo8EI%2BvCHA%2BW38sd0J%2BKw7WFldbr6tiRAfZSUyGHvk8C%2FPP2%2FRYUkD1lTQnqV0KXi8j016VIHEXOzXPTDLqxnomNaqzDFklXQptWe7JmQ0ZYlRI8W%2FZfH1x5dH6ugYprk%2Be1Zpqz094MYtkKRJCqfS0jZrdxOCBNN9H%2FfxHAepM0FgnwNWPKCjFkBfSeCYKZxlES4KlQt5Z1M%2BCxxIGCkNEvFY2aTzPwZxmRxyeoUPmQ2SS0bRcMfYbk5ok9qh%2BMapMhyACk
38.,网传歌手2025试音名单,综艺 175001,/l?e=c410ZU2LgFyp%2FGkacNd%2FrgALmiESQozhsFMKNqf0tmVBSOB93sSJ3krhQ6UJwPcfQefyZWOT5jg01vgPwOQ%2FUV43Tl0ZZ%2Bp6aCbGd6ktEgcud6FpV7cUTvuHqvcWAfSbtIRuhlQwX5LvW6lHr9iqUt3rF%2BQS%2BeWDrPVJfmguHCqNvLDqL0vjgGABkKlvR%2FpROj12b8LmaRu1l4pJHNArlQ78bNNR3R5JSQqT%2FdKUuG%2F29H1x3O4Nr6eVeEJKxol8FasPhcs5EvPaZseSzlx64PacotsfI3ivl9NIYHOHi%2FLl
39.,G2回应Uzi说和Ming复出,16.7万,/l?e=fc95TnTtRM0BUIlsCqLWEAFZHGryaHgxMeeXmyf%2BKZvyMER6swwSOfoSXIPvjkVo0BEJ7NUNhX%2FNrqFWxpz1dtQYSj4g6VVHDi90rZ2SFI2Dl5zKW8G6cmLACdO3J%2F4%2FxwgpQFJkccag%2F%2BpOzJq%2FxTFEMeQp3tH%2BKVq5rA%2BmL2n7sqlE7LPjtxSTri19aUotn5KrPPKEWKlM4uZQVS6Ab9f2ObZikVU01eQELAxWa1qbjhlCNVFVtwWzNgIsHKj5lRZBlqindBA
40.,丁禹兮 被打入冷宫的妃子,16.3万,/l?e=92d6qdr4YMMBRNCUcMPhwLRFFVjAJPR%2BOaa3Inr77EJBAB102sJSDyPtbolqv8u5PDAumiofZIlFISLz3wJomV7FgGZf%2BI2mw2jSq%2BwO9C8NW439S%2FCCqS09Aa6KpCFhB13MITSahkUkYW9PXhyF162yrLpLkdAakcMIE0h%2B2QjLCKJR76QOJV1oUlp5PyrugMYu4m4IbUToo1gHkb2SveeZpmmgTt654YmGe9qei5bL5njMkN4KK3r16UUPbeiyhVQSzoKqn%2BXa70wTODrpM7lkrECCK4GyLCaEjVdLKj2VwW3r6k7j8oi6f67zE9710we5enUElJ7YY0I%2BPMgH7kRifjSfe%2FHfpF2FyTU
41.,衡门有狐临江仙预约破100万,剧集 162237,/l?e=063bFhZTy%2BRjxeUnKa2IozfBnNKFRim1kIi9AUfg6ixdU9sJduPgvplgF7SBAdVzuzQjGt5byofpWQgAqPxPpkTLxrVPwjA7XKWPzTPgpovSnAVVQKK3aEqNBjPH9uMnLLgZ%2Bu%2FoRfnl4KLkY2C25XMCfgROX3firh63qKdCXqrLGVWtUtpfpf6kltbZKz0YqK%2F5iCoXFcrv4M3GWQ%2Br1CY%2FyexOA%2BUaWa8yQqvmDj4zGPP86xEFFfoa6jvQq3QFN1%2Fs27EnvBeJoaAzMbD6NisX0aJLoK2hIUI9It%2FoMVRARaKgKAlESOGl8dm8wce%2B1OO9c%2B87w70%2Fmmj0qWMKZPFS%2Be%2BtD4pAanV591g
42.,MMA颁奖典礼,音乐 161317,/l?e=f4d2Ii3JIbLRTky5Ejqo2y5JGQwOOW3WZnQ7w0ouxRgyxH7GNLnhB%2FrUArJmG%2FykjxuANCLKzFusIE%2B%2B4ceg3BPuMQdeTFRdpVTW6%2BVmp7Eesh6tSuUH9ByoT3zlmeWZl3PvJ88Vgj6GQJ3hgvvbx7L2Wgzl2cskR1qe7GxclzRIvsG7DySEZy3kAm2PCYREisQsLBMbNMKXiGICHAI7i9BAewI
43.,龚俊彭小苒暗河传杀青特辑,剧集 158525,/l?e=84b8K4LS%2FWArjO3jpiFxdWD7fsb4DNwL2xrbwQdUWD1iZEifvtfgF%2BvzehEjbRi8ye76FwvvOOqf6qqCdGyB7k5TXW2CGJ9nuwp03CMSHxcuLUvMwAwPNAozUtkH0ue7STTO4BH856eZxnGrpeKF0Ev%2B4eR4P1azzCGpDzbGys26ivCgTzLk50y%2B2ORWHR8g6A4uCCUO0HqiaZzKlJCw%2BFjXt3dimYT6lCiw7o%2BCVyREvOtYX3w4o%2BziOxYXmaiJ3Ni7XCZ3JwlLGNaZI1wxxvK1tP%2F%2BeMqbYBCj%2BFUO4A%2BrrhoNPTugyrtlE8DEKI2pIIai5zxmSHyDrF68o4sVDUJbQAR4D%2FRX%2FWdzKSrh8VfLmyeHtcn%2BKgU
44.,乒羽混双大魔王绝版了,15.8万,/l?e=3a89h42MQ58Eg2VZcRhaVxi5Lfx9FXIJQGSCIeW8rc4An6QJ75IDNzSx0rDiSIr%2FaWO1qqQJ9%2BGF7CYbaeQcu61Gv1AX9vwT5bhq1dvSqNSDPTsj9ih2tk10wYetLQwpcTNfoCc18qtExFClUjImi0FX6vagisj0IMBi6A4nETGNkGSY%2FK1b6wivKvmMGZwJWlF9iIt7wbzU2Pqak8C3c%2Ff7fdC%2FKtuXgOkfM7n1kZ8MTvc2qCltU4thfElTZsiSkyP4WMBq%2BJr5xCoRGAWm%2FFr2UQcrq99FD5468hQY%2FE13Fi00IUTfNBIwl9WNRrTVukopNPjqSkRHt5U
45.,易易紫承认和崔胜铉恋爱过,14.5万,/l?e=596130U1ebhnT%2B6w87Af%2B9y8LnXS1SEjeLuDczU%2BTGahfVsrXIlgQqBO3aGSQtuPcyictnrRJfNBEDsxtz%2Bc1U17Q62pi1FC9bYR21rfgrdFZxzX8UX%2FBKvFFTvDeCbL5YxgPIy26d8RKv%2BUG8lCzRiPEo7aMMYdmfG9%2Bz8f%2B%2FxVo9IhykTFlDiWx80ASthDFsLpf5q5xk4cEg42Zns%2FlFQSnHMn7BmX%2FMfhe%2F%2FUjfs6IS5kzRKEFHE%2FW796T72nbB1Lixpf597%2FJzdcQtpQ7hqBNyDk3hrX%2FVv5tdsqlkIgf9bWSfaMJvARvzesQJtmbPj9Obnc5JFFfDcGRE72Ns2jNf4yJ8CTBZHeVWCZB44Xq3kZxafkUBY
46.,国考,14.4万,/l?e=0e17W1iVJ7YDtU6wTjMiGMeXk665B40ooQIlN7Ai334P3kkiRkZIQoXhgpr5knGkE58p6fCj8RyO54mp%2BLWX2L4JBeRt6Ms%2BEZ0a9kEXhmVKMVsfrvZEMuN%2BFh64bGwzUN6ykn89F2548U365DkcTgpQNIo6H58pjwEd3A93TCbfsWA
47.,湖南台员工为麦琳发声,综艺 140622,/l?e=3069g3pY68Bd2%2FW5qKgUHLQUbplXc%2FXhDDxk76c7Tm4FOFg7BW1s4Zuvqe7hJvqvPIbajKoOo51YUt7SAvM0F6KESou2vN3LjfjZIyDK91ooRVpTPnTdFpz%2Fs0ZS7YQsK9Bz0SKOQqHveilEIsxFhZlHtw5ya1q14OZ%2FPvOhoh0M%2F%2BQGHjQQZgEYvgGknARruIrMesERbYJ1lktO9XSVT7IADlmsFZRxnSQQ96HA4GAlYlA5F7gOnSngiwr9%2BGgJ3shbcRyZP0ef9%2B7SeNCKiGswDPfJqIyB7cGcLuq0Zg3EErVsiqmJSSWi9SZWxtu4hCxQnZacFQNbWL4
48.,山东潍坊两起首饰店被抢案件告破,13.6万,/l?e=dbd7GzBXO6zJubRLS1GrlP3B%2B3qABF05UwViuE8F%2BGkD0mlKezMzMzBufIQZIJeANu16T1LN%2FaD75XdoC%2FL9ex0MKlXuIgXGj4Vw6zzp2Lz9%2BPcOgpJYxCZrbHepYHkTfB4LgEL0dg3VtKa4M1z9%2FJOS1KFSy%2F861NrRt6Em6qCvcpk4ZQpcX9YJYgBR9qG9LDZ0PueqPr1sG%2FgLTsglIsBs0cnlU4BjCTsu80apdFgTpsu4r4bB88ED%2BAv%2FpLNw8aIgGzl2v03XNvlh3Th406icaTB1WsrFtjJiEWtSyJcaYNTnkwceLPVS13zBpEa4cpjVVckjJ6V%2F2IMi4q%2Fv%2FA4QM1lSgSMkKgXVdemVgeoMVgvc6K0aGlplJYnkNz28SWFNLG4T1ctwRDKYtpOdOKZzgtFLWrTAQYiRa9AGQNuOgfoH39w
49.,国考公共科目笔试,13.4万,/l?e=edc7uOx1yqZEiuES%2Bf%2F1PVuctuy4i6ahYaIZj1DQ0vXYlciGKr%2BuedeST%2F10mFWcE7fd2VqUO2F6mG8cRN8YVJbCET%2BUk6wo0%2FNsxR9dBzwPbgxmow2RuEe1CjdLpFiLAMk5F%2B%2F80HjaXUT60416NImvJhSg6R%2BbiQZuNKcjJkG0OQqKmz%2BYtJmD0sLaBmMRzXZ6%2B0ZcJrrt%2FNV8YqR2l5laSQPQirXyYY54kBcVyhBZoPgyFDmwCHHrbFWEah09jvcIOPlhE9ai%2FMLaNe5S88xfMPIPwaMRMNV%2Fq%2B4
50.,明日方舟,13.1万,/l?e=80bdPdkYLEdIDMQ1%2FlGjlXzhH5vwLiGG79CaLsGckrIqx8kP%2B51IKOmTcJJ%2FlLKwTPUcIUlnowq6vdQoiTRrTOCE3woO%2BY6Qo2ixPrYtcESkz8HfsGAqxgpdQjxtj5lH89AavxMUS4tDaoSmArlw4qCVM3qWrsQ4pADBD7nX2bMf87d%2BFv2X87zYyXSx1poxT4SqYLjr1N0LK9SGvQ0PJtA
51.,国乒队员用一个词描述成都,11.8万,/l?e=f491db7QuOZ0D%2FpNXYbziMlEqhezvHLKYbtOt1ybDNxHtJu%2BQ9O%2FSG%2BtirZ7nIYDYNgXsddWMhiOsMSPJUqLlFuhy1s2ao53jSTvAucrjiO0xm9c%2BBdOBKN9NHJG9ZCzT1QulEad9R9zQExMHabV2ZFoQ9PVPqo2QCZABQa0SY6HinsooMC8zkrm3BeBirR%2BnzAoQ5ALgF%2Frxon03LvRwzRSaScQoMKQE9jf4JM46U02XQEY%2BDAlaVqre7NOetMXQcfMX4h6hXeU1WJInpQ3NZpBvKkpGKLCxQHw7jlNnmHfeCweAaksbiW8xScS0reN0ZWsqYAFiv%2BuoGlLQFcsMmHSXBUfzDsGCOxbZ7PP2Z%2BrGEsc2mNC%2Bq4
52.,黄景瑜32岁状态,11.8万,/l?e=1570e7yvmfP3WrnSk3JT3vzuY6b8SXrWxvUogs%2FpSRL2TKKsPf3mQt05rfJLkDgkNHusHge2mCiYOpKKv%2FPT750wFd22uK7f96YNLg%2FLtDc90KBl5a0Eoe3ZyCrJQUoh8CBep81FEHHnuhiWyam6otFw1yBrauOaq6ZcJ8bgL5So5p0AzEIsC3QkNCSC%2FyUO8ueCMzPp7zJOEANH8yiLTJguR3zv9P%2FlE1sU1XmYo6900GwLFZM91lbG0sJQnusn1g
2024-11-30,蜀锦人家川辣带喜,,/l?e=e72aZDLlM3c%2FQ9yRP5zn08%2FHH3upbtDBlJJ1eUAQzpuGB0kmkHnCDIuYDJPXwFMlUtUleUXrAnM0PZEE0u7lDR%2BOg%2BuCCgFUeHdYNOnc488mW5ansSdVS6UwyFiL21Qee075wCDnl75mzs0tP2ch2E5oucBzb0nPj9afQNWSgVa05qS45pKbQHY8TAnwQcQbvHincohHBA8rx3mjwRMz3tniZQXwYBJiFNFo6o1e3hiCt%2B7%2Bv4lC4zynWv1h2GZQv6hA2AHZeINMW9RkpUkpQDIF18PbSJjQPUTjd2M
2024-11-30,沉香长大演警察,剧集 189170,/l?e=f843ReMEH7Mccg1JG%2FQ3fyDwnsojCeZ0iKrfcAaQfFMKyEuiGoyn3MYwZq0lpEALIgopeAmvi4oARxb7RxLqKlsCcTYbdOaEaAHzi8WZ7BxeWvZ4rrorXL1fPn3xhCepM9eVfR683529QO2uB%2B3olBAMQNOMLiGFj9L421%2FSQFXz%2FE7yOCKqZq3Hs5Ea3vtfmEf%2Fi7bHfIuIAg15%2BfNVos4QssvIYXwfYP80OB9KGnrteNjhgfY6cnZ1pOMHJ07sYpRpvaVrhID2AsSAYQ0
2024-11-30,梁伟铿说和王昶天作之合所向披靡,17.5万,/l?e=791bpNzZM7ErGVd3cajoN08nJlXKgse9vJJXp6q%2FHd8skjKPqeKQaDeqVSRa48oKZATpOiCgVgrdi4g1HosWIytLf%2Bck1QHxbJD%2Bofp759RWuFpzUAlbAt%2FjcNsOsqH%2F5vcERFg0jqlHF%2Fapu%2FJr7KSDPos5E%2BWIxeuhTaBsTX6j8%2BI4w5RowTVt12Tbsbce8nzDSvNH%2FiwZQoassP78dMV23eiOaAnQHqU5LiZ6ZgTzQnIborXD3DS6XQtumZQCINuEM0RY1sNJRPzc2kpCv0bUwQcJsMbq%2Bhp5AC58bG5GlbIVf4OV32az59xb8CXdJSUSifh0NznrgDrrv8OJcweG138o6pVhiM5eRB0OG9wBznSTjrD%2Fwd0wYY3tAy8fKD3NS9dFeXPI8NTH%2FVbmHKiD78h8P76xcnHp4wqtDog1bsQNAS8
2024-11-30,金靖月子中心vlog,15.2万,/l?e=b16aDZg6H9Sfxo0zuhLXbWzMEYLr%2BtFeGNR50yDgIo3DEreIAZj7abInoNXb0PUZTxN4soIBDOrfXCj5z4rb3MvRuX2P05%2FC8LkBeevCGFMrTmAhGdaGMmAxBFsWmSbA%2FlDJZSycb31sLdBLhodLvAc%2B%2FIcHcd9FUZ2CZz0%2BmX3vyWkET%2BKPSv4P9OoCCoBFvnP6awYyKz7Cvn55LHJ8GBcYuBzdi3qiVZq9%2Fn3hlbVQWCOaLX2cSD7YBv0OSg3w0Xpa
2024-11-30,丁禹兮高马尾打人事件,11.9万,/l?e=226fBQvLvo8%2FSch70CZpMCsiOSD8DTxcTBZLWbnkCOIJh410dPl4%2BSENoy6DQh8ym5VPEV%2BmnJRVFd2PK4P6BGJxbFRW6cQqBgZlaGvO3uPiA93h%2BMCx4jbQC8QJ%2F2CK9%2FbbC5aa2PF2hChIBPO8%2BQZi%2BITQ5MQxAcU0k7vFjxVfxpjeyECq01%2BFikwWWkUbQEtj%2Fkz3UB%2ByTbcS9ef85%2F45Fw9Zr5rhSZxjgdfFFRO9RZ36md1dCXZghHdbcJpfL1Sqd5PhDzU8Kqh71eHnMgTLhk2zzN3FvxemI5Wi9ZYIdhkFf4QPs6wtzc1mz%2BF4g1uK07eZT9%2Btl5E
2024-11-30,这些OST一响2024画面感就来了,33.3万,/l?e=58865xYO2Q53U1AanL4iRyANK7cx4DuJQutOZtWJyn4JCXdDvbtyShbibUNT%2FcdGn4Sckdc4l5%2FFdSA5rQvwaQSFq7iX37OPwNug9FLepvLUrHx32UXrsrueHEm%2BXRiRv31Ymz%2BCB46ueZAC4bnqA1idm7AOD4rQSCbfpjeaEPo6bC0V%2Fc4PqyTNcZF5mHzybzkfaGJZGUYuOsnR2Lu%2F%2B7DEQth5%2BMAXGzWao%2FiYUCjZ4yx06FAXaW4Q1qJk0i5MyR2caDIpjSamhIs3gRQg2CJvThpFbeeqP5acai6fs6MxDuVlLQrrCjGo1XqiApoWmGNYIFU1CdEuL1xSJW6XhbcX
2024-11-30,英子开门你的川来了,27.4万,/l?e=d620vDvinWgtNqeLHYFpYN8I8Qq0NLmfby%2FdGyQktxZyAxmSCB20hyc7ky155%2FnMM8PkI6qyyS7FouoHySjpIVr5S8XABp4XFRpzUoZr6DkR8Uoz2%2BxiCVjRbJzqDBizZBrOr5ZcE1ZRgAdLUMrw220aXNtPXmelCtRB%2F19QJRdi9q30fs1QNdA2LRqZCbLCa0x%2Bu4m5XiPw%2FiFYvfER8bXCEo8G%2BdAQh7seqYHO5E5WbXOedpj47qKRRijFJQZ8FkFIX2UMtmD3gWR8Myb1C%2Bj2jriwEYlmc74BxFA40iCcrTBla%2FxPwScwH7E
2024-11-30,陈小春养老保险有点多,综艺 212034,/l?e=960esnqKg0hY5Cw0V%2BeGAjp47eFFsJDojpohNjHMQTIdKRhVjXW7AYcIC8hA9Mu7ebalOB2bTx4sf9jhDj%2Fyl3U%2BC1%2BnGDeQYIHB6XNKzb5BcqHHfce5rutpfQk5qOJ5p0KzvGuEnvxZLR8G9Pd1ZTrhii8%2BCwmkElJs7BUEvUNq0WIyipR4T2dxA%2B8yD79XBugwRXkK5mHTQsYMw%2BQ%2BoLr1uq1zK8efqcZrR%2BtClhPVzYfOTN3ygfL8RWErJl1HHPpfsjkope6%2BL1qXwqLSNIsPrRVgEzT701zvox87RBEOTW6VypoLw%2FkVmpbjTTE9yNqUTeaXsNP3WDk
2024-11-30,G2回应Uzi说和Ming复出,16.7万,/l?e=5607bJIl7J%2BhloI1eUKYzgAL8JSb3atnGGfzdXP5EDJHECt%2FUgx3Nnra3U646DfjCYnxwM6EcNc1yCseG64QZYQ2BMhQZLcUMxWzK2ucV3420fktTlz1RF4SOV7nsYSa0yjFa9KjJIvjdpalabQwFoShmAnrEsUI1EsIj6IKTmgGHBznp6V3kxXAzuvItqLycCMtM%2Bqh8huYR7BsYUuVJKcOeepY2fV6am%2Fe4RfRe0ZD%2Bqx%2BsZucKPKlDFtNYlphKVqq9paBsqU
2024-11-30,国乒队员用一个词描述成都,14.8万,/l?e=01e6UIqFEbbdpYU0rKA18xHZtZqKfZOBb7QdeaOHtn4vhXnvjR1crv%2FQdKH3YzET6LJh4W56Qqn5ZQeVbEGHx9%2Fk6Md%2BHUbLpd7Hf05sj0offJhzgFwL6N%2FQsv20SL7PjUQ%2BF5vEieo4TuSc1sO62vPf1jCF%2FFJmo2lO5aDuVsaAkm8DQ7lLipnWt3csCeKAeKTMcNq1FwHmYJ7sxQKRLhGHMm70Nn7tMoZhQrTVNfxppelI8cHHhoaPpmBuoZP6jaO%2BaeX0kCIvkJmSZI3v%2Bu03muTJJc6xHmXDbJt3HYWNSzd5YDxoSOgIAUh6R%2FwOX2DJ6xz7iB6%2BGTg17rv5q%2FKJa4H6TTZtq82BzUsRzelSZB9w%2F7O0%2FiA
2024-11-30,黄景瑜32岁状态,25.9万,/l?e=3570iDDS1qzSJ9rB6uhVXBWyMI4n8u%2BakJqY0Ug7gdevgIA5l9VUVQ12RNkROpnNMJLULWVlJp6bISTzC%2BP5JdBjNtbUqQ%2BRpv9FjZCtymDFVUjQJlmVFUkZSSRlqCAF5XCJ4klDe32QrJH8Q1XQpRhIrvpqKt6aFcyhUICRC7LJDGZtNj9td1yFwNz8707i3oTFOGtnnBwpN0nkDpZfCS8s88olz32wTxjtS876LHnKObBApcKN66u2%2B43PZ%2Bl3RA
2024-11-30,兄弟俩盗窃2000元被刑拘,20.0万,/l?e=57e1tZmWGl9wY0unXalIGcpT7982KuA2v01o3xJeTYzjmahOkrJ1oyD28g9r0oyi8iSOwkAtwF4wfdlAA7tOfV1EBqTABdYLXCZBX9%2FT87%2BDJhFeP0HK1aMD%2BjpO8ZOIugVXtl%2B9MbEuWLwlzRXN7uyVPukknymcuRaQmXbjv4ypZzRF83Xkjb8Lm3RL4etquJj0mNuXgxidhn4OngHxyqzUnBdaZM%2BzI65zROB3493lPhYf1Tr7VJIV3d9Uq2DNDwH5lxF4MnD6fDKeXixlzzqRvji6fz%2FK5x2AL1OQzt1TUQ2Jhw3H1ATytfuBZ8KI
2024-11-30,钟汉良O的生日约会,,/l?e=b233PmrIJRtasaO1BddO5GCTLUeOZrh98p8ptcQpebZoY0RM6fjvk4h6MroNVMrG5Ub8Ky6qX7gdDWjIjwalXROvXB%2BBnYsG7g5OLYkqBsZW4bNHLevkR3ZiqsD51c6kTeHJ5avAD0nIFWbkVCXr9bys76zFskjUglwwHa1PbGx7FzJ%2FxqiTpvf1NddMhvIcLTty9FZURmsBoyh07JO%2FSk1saqC5ea0pP5uNfZ5sb80qzff3mGBqGn96IcQQM6A0vL8lo1tqwx1TOSa7XylunbYkV3NeCgK3cnINHfym
2024-11-30,时代少年团不放弃走过曲折,20.2万,/l?e=02dblaLnxjbDYotRFDpUovt9GNlanEdeGlyLACARCdEo4hjqlTfuSC79%2B%2F0LUMc48JvTZLlTgSzEYvbWJAg60xr%2F9SrjymP6DXwNbvHSBumhhHOFO%2B69SSq83DhFIVO7SxwtmWMW0uFFzC1MnWsZbK%2BnEoPxe%2BNNZiaOamELsR%2FiE22aeAsBiQf%2BmuLIlFYOYGvZwiOZ49QFvZZH8uUaX62JeOGmn1GAI9%2FkX3t4xXS%2B6ScHR%2BdtqOD9VM4Nk4R7hNmNFd3NDcBKvd8AKPFRPwr6ZrWxxyI1W1H7cGx75GVRqqY0nlKsQawjZ3HbYrvyVHMHplmRrgs99kLPvVat2wSo6EvnzHo5FOg8hwzTdHtSWvIEYS5LyC0
2024-11-30,王安宇怼脸拍宋亚轩,20.0万,/l?e=17b9nFSGtUpR58GvfszQLAzZ1qj9ArlcTb6Y4msKpzGSfSSIGrQqCOXrCYaBvMy2fkTu4TnSAr46llkTp76XRCCXQ%2BuP5DJVewzNQhV5WwedQx7PnKMlQC9tVIPt9pN7xHdgyOr83%2FkzaccOb3XLGT0%2Bt7fgt4cezJugvpqvQ4E5S5HtDesIqsYf7mXNjcemoEI1it5UlqmbYAz%2FPRrgi52%2FbvPeygkL9keCaPKrwvIjrpigoHqiNhLDH6zfaFLEs9glvfGfAc%2F9bxPk4W3c%2Bs21GyWxwv1dKUBiwcVlwLMqourbuxcK0w4kurI
2024-11-30,王安宇去有风的地方旅行vlog,综艺 329300,/l?e=150cyd6Mg7DvwFS0HZ16FYrMJwP7og1qNYJUzw%2FRywZFLNrmqNK9xpSmN7DfBJaNEq7%2BeIOogTIgGUR9SM9M2A%2FoNESnwEqqogT%2FW42tKGyDhduzHURGqMZ1rMOAWluzOYz1iTV2zQ%2Fe8eOCcxfIT8bYvNOYzXbi0ygYEAjdnmY12lpE2kOFPZdZyqQhkidUr%2FstZVNlcSwEvec42SB4BQHKb2fAdo2edNLK0drn%2BE7pBJeBPGOmkRVXMYN3PCST9apG98dXqLSJ7mJVPitHXGrJRnmF5iDXaoxxQNlCbeyDBQKLinpGYYwFwaBSy3PjKP6VvE5WsLzcrebXFBtMEFfLiBPYK9UZgv9GRyW3
2024-11-30,衡门有狐临江仙预约破100万,剧集 162237,/l?e=4962o86%2FkhPeHjNoHWopegzqRc%2FsM25zpED%2BYPqEu8DWUA%2B6zb67HHRLn793wahVIgZzkOwgp78RL2fsTc9dyGvjAVhetpZTOoxmEp8Uw33dECNcWK1ZJxV%2Bp16GdaaisYYDBZkBmPyNbNxNE4o5ysfl59%2FOoucp2XWT8SDA8mLFa5feGRMyftJDDWPfEqRT%2BuFYQeJA%2FPGvP1j4gpIcmmlfw79Bn4dpFfuDhSnmACkTW9owYQx%2BacJ3y4fC4BE%2BDsD2KIm5KFTwBUvkdRFuPPOPNUOs47OtbT06L%2BLJRkk%2FvCG5xslt8JLK9oZMFam%2B%2BGxKfsod2O3moI3gWojdchr9XW%2BZx08B5oARTIg
2024-11-30,结婚3年流产2次竟是老公精子碎了,26.5万,/l?e=b363Y6L8%2BWPr5WEB3sshtepU0sIKkqDdmi5zQQ%2Bs2byENfYUICsXuxdF9csLjyaTY6imvGdsjvKltkrrjm4iSs9fEVw4dEUU7yXf%2F3t%2BmSyh6U5%2Bv920tBXehRyCsMziJ0U7NHmmB15Q%2BRsAt5%2F%2BU5BAyj%2BebDyc8QgjRo5gNRgSbPeB6ZiWHxBMqQG%2BnvWGFjlGmFmhO1TEZmsw1oYXLBmhzxwTJiZWzilN%2Fa9PzJpe5%2BU3s5yaeBMcck7j8lvsHWtobZnqihalqxSLbrZPhr2ivJV0Zpe3NWT7mbs72Wd4VpzPW%2FGsmXNg5J3XCowW%2B4A9w8sfLQE%2Bx5tBInD1uC4AzhPQMgbUaKLzU%2FXcQ%2F3Jv%2BZNi2sop2Mxee6WwfbsE9BERD0VomTQkLiLQzgQH02l6fbdI8XBqQ
2024-11-30,叙政府军数十台无线通讯设备爆炸,12.0万,/l?e=c2c9RLYP1SJm%2Fb6zU4ItULWV3NqzmZtZKYUJZw2q3%2BJGREXepD211i6%2FnQya5l8D9QtCx7NuFrR%2FoW3SX7nu7mop1rmNxEcG7chxgKFmp4PylEexBGrQ%2FyGHyv%2FBb1NZS2yJ1JIaIuRumwNVKvzZGDj%2BZGchHhnqq4nencYrEJDhxWNr8a1U3Z9Z7Qn1xQHHBFf8HQiRYA59QYx3QlzIXpmOLAAEpgvGMEFqhzBqSKf4HbIqwTHurAaD9mzmPZLU8EvGwhK63MzdP7CUzhrHHROZqtGJOR7%2FRzbQYpkB0%2FrTzmYJ3mnf9fmnKut93dZU4qDZ%2FYm1M2MCn%2FIJI7fHxfveo2Uvqv3othftRKzIWeICe8wuXh8ZA8pXOWolBDxQwbWzTKqzdr92Bwe4VGKXViWkf5tm8SOkN3rCkaXo6gnPls3cIf0
2024-11-30,男子为吃野猪设电网猎捕被刑拘,15.7万,/l?e=6849HEyTGTsJ%2FY49gDejZ1qLNfU%2BFSEfoYx0mXFdamcMSXNh33T1VaF%2Bx4YV8b9KYGQVk6NjOFpKtf2D20nrFgm6uEPqEVujhl%2BRarRudfSdfq59mYIhfRPnLCra1MfDn8R60wOCVkSvWCGVVR7lPOG%2FP2v9Sn1VAi%2F3u2GJ%2B6IJe%2FDysyrYwBE3TQry5pjxg%2FX8lqPk5gXyjSVTR1GB3yU%2Bctoowozba6tJ9E4Dyk6Gesdt1H6sqoDLJuGCV3pmWII%2FEBbHT5VsycK2Q2%2FNOJmloDEeQyElHuqjSv%2FQTQqXOvzh7q%2Frr9njfEyigcQTNsH7OrLvnanzTZMCW0pvCYAliG%2F1HZDQcfqq%2B4ejomc5UJheNF0dUCQ5Y%2BAsT%2BqiktmIq41bK2pyefcVE8yz%2Fs7OVyGsNDc
2024-11-30,国考公共科目笔试,13.4万,/l?e=2718wO%2BPZ%2FUSU%2BzftIs%2Fx5udcTB5Wagw0TvIaiEGCW2lS2mM3g9q7NOEF%2BDFqj6WJjgwYeyLl1EqB77GIs2l9ZqY3keUb%2FJh88%2FgnuAwaljvpMto68yGPzpO8HnpHlK%2BayR9MWqicdiEGastKNRTjkzk%2Bbx00h9twx0bFpZlBaHpXN%2BZj%2Fxc7bSLiuF88ng4JSDDvjDQ9YglnTBHZuQ8M6u0S5Qy1hQusyIVQEWkI53mn%2FmYzd3dGonVs3N4SKIu3e%2BfRdxmFY2eH0sVOHtu1YCYLRgEkk4IUV%2FCNyc
2024-11-30,明日方舟 棘刺,10.4万,/l?e=73c6XoZcbA8ivieJ029%2BJBIv8%2Fc8DRKJ10QGnIMQklsHlbCYG9%2B6xn3iuHO9fM30D2nDxBJvlDcW2Ow76Mx8Mz8QnOqLFdwNXAcZjMFnv1waYhZz2RFxMdn84LvaGeTqjf%2FB%2FL6Tfgf8%2Bjesbd4%2B%2FHalFMHUZGRtIDTymcXxWVxiXhswRTPRnTVMxbjwqvfAXOGkuLjhDt9yUV9DMdl%2Faky6xGEmyua9fFJAyW2d4XlwYqFmviN7W3YlNteZFct802E
2024-11-30,鹤岗暴雪独居老人门被堵民警救援,245.0万阅读 | @新京报我们视频,/l?e=c79dgXe6mPKPOmPxq%2FUD%2FvTlyAof8z%2BRpbu6zIEDmoPor1ed69yDYJ0eFDfU%2BKKf1HCbr%2BYPVcBXB3K%2BONytQUaxmmGRMmjMK5TnldK1F3LSpRjqf7w6WdekPgdtHmb0wCl6Hd42MAr3THcA3TqLNCUo1vq1rCDPy5JyDTLDtShcd8xqTceIRTS%2BCJvX92XZcE3cCRm4Wtll32o3rOYv%2Bl%2FDZSwm5jBxPY0hl90ylqXg1CbPVmbMbtSJQYSKEGxJw6SPQxvKb4b%2BZWRuso2a9CasgMKpLoGk6I62z8S1%2FVTFYV%2BJkNU1f6nKU5lUkFN%2FnX43Jxbf8tfQ%2B9%2FiR%2Fs7uV5TMlI4MMp8eHOBwzuUOSeK%2FxWfLzc4mnz0vb4ODq5f7TE%2FqGmFUQP2kAUJKW8nG%2FmLLPXYL46h0ElmBax%2FCyckvcRCm9A
2024-11-30,员工已读不回负责人凌晨爆粗口,65.8万,/l?e=6158PRBVB6cjKb%2F56kpg%2BMN%2BSj5QbV4gzF5MAP7m2wMIGZoSDDGrzrnrWth98ACZPxGeh7ZEicy%2BeYeqLC4RGMZKu2RN4l3ODtbi8qWOf0%2FKzmiRWOWs%2Bp%2FFOUmy8Aka9X7zIfM85BwSpYXgMzvA%2BQW9tHv%2BLDdGru3qWWTpqFBNj4yzWFRkNVo9TLWYRTzpzKfSQJwv0HbQPl6TEHgEPPDOgc0vgWzUBRPM5SOdBXV94a%2F%2BWxLF0YBqbER46qWJOB58FGMfHmLjYJW0JTScw7Mx%2Bl734SBVTPLzgk3FcPR48W0IZRM0iteF5kxl6a2X%2FhhUc0OULIE5ekIE7jJrE5vpfsuFBkpjjZWgY8BoocSjBv4qFe2O4YP6OWVf%2FIkHgeNQHaQCEQxfdN2Nh%2B06D4%2B9h2cD%2FTg
2024-11-30,在靖国神社涂鸦的中国男子被日本公审,125.4万,/l?e=fc75YqA399jDIqLwo7V%2FdVn7g7oPpJU1tbt8n7zaWYpesMwame5tzaMbrsSGnMGPoCNte0fxFZEGP2SUJqiEcAkDme5mMUNlCHz%2FtNUv5eHGeoE2W3qxzLErY0IJJ3Uy0OYwOVaXRcA8ExXpS01sNui3WgmjUjZ%2FmFsHvIpdTwnly%2BgcLiMOkTf1LYcWHxNmDiIMh3oaYJ2Q5%2FyjCYOtgGOr4aLY8cI1mKl6CS56zn41CsdRVQdOIcGSb1K%2FcXxe3nTt46X4CH%2FLWV980E0r3YP23ibBxUiMsa6b%2FnH23jU%2BCjVkPnhz9dkhQERWcKtDKRXZ3Kx7uXm0UHZjHqvekueBuuiBUbtshIv4XT37BLyri6RlxSUe9En9%2BLD0zO3AuCp9uAqzjpBffFbbex%2B5OwJsIcy%2BkuvtqadFD4av53Vj9xwbKLtA2ITqQvddG2mgapLbL9ieql6rBmIb%2BZVFo4AK2TA
2024-11-30,社恐i人在大山里找到向往的生活,12.5万,/l?e=6e048P3Iz7habdHzDLmPDx3%2FIBdIAqWeqbCISC3BAedLtrYTejUhFttRsxSDp%2Fw5QSIuGCL0k5gosJDkjgf8dlU7Wqihr5Pdg5gfD2j1UaqQuZ2afNbBGnPezl0ZY0uXP%2FtH4eeCYv0mofTXpH2yDAZS%2F0lHA%2F9jyrc1XL7RZcs2jwYEoMBDh%2BdwKa44AqOpIIkkIR1Brl%2BxXgL63rcSqQcKjA6W%2BMoeG%2FPKDFlHa1iBTek3SWVp8CDVCVbyqICe62qdc48gP9WE1N%2Bd%2FKZayeIfpKmMtxKnNT3r%2BPyz04eU9tbIPCKkYgkHSS24yMYZc71yn2DyWBK3nfaszqKcfWXxomJOYSnc9OUSWayu5mZkrswd2jf%2B%2FevLrgJIAFpr%2FhlZvHEVMxZ7Ig2D98IUEE09%2FqM4nGn9
2024-11-30,iG官宣重组,48.7万,/l?e=186e3xOTqDt5tqbd0xcrv6YmzFcCEYKdP8%2F91huwzeBZ8Yt%2FpePn3Mg8EsQSB1HVZSMhEg4MgpYBLAOxxdQ%2Fm4qmlLePkGVvj586gnRC5tCsE1iTrMzg%2FrR1M%2BfzKrQ0Da2QpX8wNassahWx%2B9J1felG7GpQipA3EwALeKgXqwWFxMMMlQXcDFLnyIRe1y7hxgNmY7IQrvpniOsVl20mkohnBg
2024-11-30,山东潍坊两起首饰店被抢案件告破,35.4万,/l?e=5abfKAcJGD8JtBkNmCmBUFf9tNjdQNMiiUrRKqRp5laNRYGLnwt84eIcirAlmJbWxfcTA6z%2BCQc6%2B2dvQibEBxrz9ZgwNvgbJ7VgxuneoWiAEkOn4JIo2B6Ap1BKWP8fJOnVCjd%2BVViQYh2H5t3hBOFVOHiqJE4TAHMdQ29jTfNtJMbXCssZOZ7iCMN%2BtwpIy5ATRjCJYPEBEa8xeLTPfSRYNqbP19%2FvA5aS1kheuS%2FJ4fC0ILv6HSjHx1%2FzWBZ9LzQ%2BUSH8Q2JzX67pT%2BdDRXH0MOQ157RAaYf5W8yH%2F%2B%2FRSTe3srvefMDfYqPVf%2F4hmtxpchyWAh%2BjpKp8BqrKKTNitCXHe9TP9v1gX8FaiVlsUBGBU2aor3KyVdg0tf6TwL6DSDJK8BrgTnvudkmuyRgAiU745yDpttbYCp3uNYn6cIbux%2B0
2024-11-30,华晨宇 幸好我是一个创作歌手,演出 173140,/l?e=c408BG927Kqgq1dZNeCFEzv0si6pb5QkbHwxouek5yjfPwKv%2FNmUsim1LpwX5QLMzUXNCFthJkyl2FyMuB%2FhNPkt93Blff1zYS6gKZUVIWGW%2B%2BFgljh8wdsP711INMTJxiBsCRsApN9cM2HDtcoovnxvnf0%2BxsrLsy5bhMHUtXg5kiYRE3VulIH9%2FLS6viPQ3MbX9jrUEErsvMhpI2zyrINzAWX2OiHut8Gm76yTywYUNQiDp7eGgeNWKwvdi6f%2FBI4wbBhm9IBz9LI5gTJNTyfMZq6dMBx9J6geaI8PUWFmNqqTFWaQ9PIFu4hF89arCd9PNuxbWm4LRviLYQbFy0V%2B5A0l6Q%2FJYN310fnNfyi7J2R1mrFWh7VPLJbOPlkD6JcOgVBC6d8eopU
2024-11-30,华晨宇体育场烟花,演出 155583,/l?e=410a%2F8uA8CWidpk0uWY2QoJ06pN2m%2F2bX6GqJFhQH0dLExLf%2BGkwOmBvK%2FqDsNDV0FFalLnrb7NRFtraIHAbe8vfopiwwI74s3xk3roXFnLl4NBTbSYBplxHTnb%2BdCkr0oKXkcvYZ%2FNxSXrd1OdMYQQPaUJdMt9IreIqvKplJ57WfGXFOHvAvQFHtJIN0wP5F3FXAjy8NfbMPu%2BZca%2FWp0cOKW9ctLmuGC1bpNXT7W%2F47a4NtUeCp%2FSwL7NcsZ%2BTzICRfwGdNhy2eearcfNRspxhWq%2FrnaqVwnrY0Mo
2024-11-30,叙利亚局势,33.6万,/l?e=ad6bSE25N7m%2FEMWIKAnwSQjrtvclqUtBYF%2FchmCAnOEBKufmzT4XFTdFPVmU8AVvuJS7wByZnbtn3fsRjjsRZhJAqu%2BOvy0kSI2IHbw8smxYZIUuvgCaRPOJCyK6Rih63oT%2BD1yYRgc7uLyChSuMM9LLwzbYpjk%2F8UDEbgTHw6Xt0bCzrVFBr%2FFZHGKTd6FyF9OXL36fPBuVIa2SbHoqp%2BVz1UOd94%2Fx77YtZikUX44
2024-11-30,快船最后时刻没犯规,9.6万,/l?e=27c3IvShzJzLmJTRWxTs0smZa35qYd0U4NQKakVXARZrTMbRyh3ourYnmJhOkY8XRrlnB%2BlW6zXvFrKy6MTXfeY7UG8vlJg9egZirULIuJHlK8v%2Bll1DnCd1HQ9tD81P1bPGKOIsmYHGdcfNatkuvyZJNkckSicDnUwe0nZBQUa3BmFWFksSiilj%2BFULU%2Bfa1BJ5I46gfPYKefoG8mOMlnvVRjCQZH02TrgHcZiRjLzqnIUGBGhm0zcIB19sEqHRAOiv3oC6BzHz6h07qCf01HuISi0Bmy%2F78Cbv%2F%2FhTiKYqxCdqLZYqmda75z4
2024-11-30,总台记者亲历阿勒颇战事,718.4万阅读 | @央视网,/l?e=6ac2QfiHdisENWeqz%2Fb4GIgfWg96lCb9y6l9IA4bff6%2FIId8L%2Frep%2FxDIDYSYUi2I9YEUU9rWRc9RpP%2FGl%2BNKy59mvTc%2B013qL5rRsH11%2BqeVYN4S62MG1NoVXmpiwxGbIll5vINqwYqfZQkZKUmrZ0VjvYbUUESo%2BvIERNBId1kUzd9GLWcczr0sUuWFaIzb1GIjhYWpRpxlC4SQhdRAzGzz7idU%2FvUKJ%2BdxwhHxoIi5ONg%2BwTaas4VoKdwqeMI0LW7udMcQcieklKkm7SdzfNY972R0WPgEQwCrCdTspbVlol%2F1fWE5kWo6jlxgQ8oFNJ4TUn1CxA1YnJAa08OxrvgkEcHENd9r%2Fk
2024-11-30,戛纳最佳导演镜头里的杭州,25.2万,/l?e=8af1AZBkHJ8s6JhwqP45EA9LrXPPMqZMcK%2BMn%2FhVz9YQTJXAxu9wbfPY3WylY7EjlrnhZNVLXMmeH5pGzdspGbyE9wMvDJFYjcQiB3clX%2BudF%2B88s9vP3k%2FoOyVoK9IYq7GOakjWOId0JshjE7r6PjVbRy%2BeIk297AIt8GA9ZAfAFzWGJtrRU%2BEwW7BXdv06b4i5zTojwEEfixdNMrAawVIfZNuYYg7%2FXziWLoOixvkvAUkBjY59EU3Ai5%2FJkfJyv%2BRjyVjGMmh4OI1j%2BcAyucI2Rrt53VP9rhqbOmN7GeG2jnYz8HZRTwx3zGvhTfH%2F32V8v6GKEjSIvKLexxvh0whUNs2N9G1HcGssjRZY4zBZyuHm3gu9gGU
2024-11-30,GOT7明年1月完整体回归,22.1万,/l?e=93358EPuzt3DUz8IU%2FwHL2uKash5jt%2BS%2BMZfgLanKWKhJ8fvsTySvIiZ7jUGvVVVYXUBF7%2F3MEPShh9Ez%2FxoGYyAJQ3dG1LG%2BqvpXtdJj2Cpc%2F8H3Mp6fn7uvtdIDC874avTPCCGPzowIgyIaSThWdH8s0E2feQ%2B0WVbqCVlY%2Bc0IarN%2B57jkycWBQaj7NUbACwdgJuENtXZBa6P4LJPHRta4LqsqFDn%2Fs4rr5mKn9TAsyvrHssQ6pCxQ2a2ZbRwsM35GwP21%2FUIJIB13Oi%2Bp0p5jp50i9pj13uHPQ5ZIxdnZg
2024-11-30,虞书欣温暖过冬十二月行程,11.8万,/l?e=84e2e%2BH9MwpxXYsyWc60eQOWGIa2UfFmrIogjSDoWVS%2BRO2MY3ev%2BlCnfP%2FGUbsFm35vh5LzTPDfjqgDoVeHY%2Bimp1pukTwMMaBWsKnMMLjtzZ7u%2Bdd87zXWb3p7NtrBUSvvxfff80Z%2FGLSWXj2ECGLYTTfcUou%2BBAY9bEWQjvXCAIwl805d9qn%2FfWLzYTVIXGUyzFb2hFIV0kVRTQPUdcxVoE%2B0cX932ELuRt08PjM7OxOd10xNFhnbNF7E%2F6%2FZ%2FSAN5QzwuWQUn6R%2F%2BnAaY1NHxxQNjhDsfYXkjB8k5hOAuXj%2BLF84cftG2v17%2Fe%2Frwg9vGJbW2i5KNTXQwRETfhZl9FIlCIA8CR6KLnn62omD6xe9KRcMbiQ
2024-11-30,男子吃掉4500万拍下的香蕉称不错,240.8万,/l?e=fc82WlMYsIPsqgpy%2FWRE3VmJXmBYJy4InwAeAxzZevIyPmyFwB3KdljP5K%2FiMzijy3IK%2FMZ83tWFglj%2B%2BCM1iVKMOj4NvlS6G0x8dsKjUjClVJaSv%2F2AZz%2FIFFZ%2BURv4qGJP275B67bfV9KXmHVaSVjyYxy0QowOcNCA3bhqv%2FEDJs6ZzRXfkFcFEptxXxI61m2thstkPhebRpXCdiWeGPsMwcPPY2huzMpa47jlgEdn1jiI0xTGqxpQR4pCn3ttLTJmQgbNaqJJ0FSrheRY2L7KkXX5ImfLVm1Nu2lIUPsMR4AOLHxBxXSDe6F5eZHgevx78Xkax5XhVsUkUFu0ln4SgJDq8ekcgxn5rxoN9jNXqJ9aoTuJ9cQBCoUoOBY9MvcsAciho2K1ljyi
2024-11-30,一场直播连麦3人都是托儿,377.5万阅读 | @央视网,/l?e=b088OuP0NiYar8TLKWJ9L%2BsVBm587Spms7JPum2dKeQqpiYrUJpZgtTdfMMxypC9zbmDe41XAf71xQmb4%2FTl6GrpmvQQY90XJ7hv5oB0FdCHQfE4F6PJCpPlUS%2BS5g89ben9WvMwGNb5ZWVIS4QygOPBvLgXlFIfrd46LarkbDg8bkkAI%2BvFrJVSmRFWGDgCSUz9q%2BF53jFVEY1ZzEMP07wDW%2BCNjDIQdHVN60%2BCxZ47GGKRrw9oP2JuWxhYpB0WXVX%2B23Dguy9qZixONy9eTI82p314uZUWq8LGN4grG4tVIklvdykbV60rJcBfp8ae3mjmSgRgUeV2txjbfn30FmjP5qX%2F1R2%2Bs7aC
2024-11-30,柏浪涛,9.5万,/l?e=a2a0%2F9I4jIF6DvjbKNs9SqFyzwQNZ63gTYLglTz8X8Mq4lFk4LRIM%2BWhcuQXy3XbKDG4T1phqFRx3HoCPUgafJ4aYoDJLtfAcKO3yYXCWUd6FFkA5rR937OL%2B70bSz1P%2Bfn9%2BjnkDUAFIESH%2B0dSdmT7xh1tg1frrpRRF7%2Bgec%2BLS2fqLSUiFmxfoLpiqD4x0p0
2024-11-30,网传歌手2025试音名单,综艺 167005,/l?e=6ef280JX3CDnwuXbMZ3aHOEzHObrzmmRlhNpWKy9T4cgInG6%2BTi%2FXUn2QzD9pL4in6PZ8VLp8XfdugKoaxdJxrPBgJQFfa3qwU3DdxKQ3n62vqzgGnSUBCz3xGzoGpxubOz3DD38YVHhqy9Aa2NkgWJTwe2ko3MfxM3Zu7Gw0it%2Bb2EpzwZagtcTu3jBQ%2FL5d%2BZXoOsfgroRovs4rhPNN7kXqGuTrNnw4DgWruQZFHoMA3kOYjl2Qzr7tKWikPuXAfW%2FIqMHoRCzbDhBcR85%2F3Im%2Bht5R1cFeIz3%2BqEyLjjA
2024-11-30,PMI,10.6万,/l?e=c510BwF31%2FDJJT16rZkv1GfXveVIkScMzl5kcl71MFvjYah3tAapXG7oU2uAYVjzGFVonONQZ95cUcxAf65ZN%2Ff1lb6%2BoNsN6WEBL0p8au1kcZyLJfTtwCqdjNlWn7TFhKhyXePRpNU
2024-11-30,多地考古类专业毕业即入编,11.0万,/l?e=1f4b%2BJtHnQBb2cTPqbXKqzv3%2Bxka69AbHkOAbGU%2BOmr6mHNGiAykmA9aqYyPcat8vbnbmF6I%2ByQ7MU2pE%2BEIi%2F%2FoKtBKVx9BRUCJi8HGG7uTvDV%2BzhIblvzETA7qzVaRvVOT1jACnCz%2B1WgNdj%2FNWJ7lTnuJfMpJa7xUFSmIyIgF2zMB4%2B96ujERgkyIS31shlAzgWiyby3myOixrJ0KruRIOSVv%2FYgX9OUcD5tldy%2F8un3i02neIM4i1KELQfnj8ht5KJmxaHppGtgztv7i%2F%2FDBaQr0XRhOPCO%2Fay3oMdDv3oWU3uoAxPHxiglOfVnPTNkRdzIYbLmy0ugapmaFR%2FM%2BW4zrn2n6ly1mLRPjn7xBHvbpEUjKIDE
2024-11-30,李艾希望麦琳看到李行亮的爱,20.0万,/l?e=2487WD9zt1vDeTnQKzytKWrnqxaxCrNG87HFRDjnH%2FU0vT1sCYjxseIzgtnkiCrA85T3%2FVBh4n%2FyJ7vRh%2FsK%2FD%2FP5mUsKeayw60tFmMaZbYDW24Aw6wODETE1wEWGhHPk%2FPviutqn1i62QbH7m0%2B4dfz87Hk1faHvQqZuXwT0TM0m3MeYM0dEcigNI8SORjp%2Fz9fsfRg346TvcE4DnR%2BmVzF5NISAUxbMayqkfEIZNFosLS8KHRyCCCrHDXyWVnap774r%2BcwgFrxW2NHBE1oI4TlMHFvpAVfQhetrs6KPQWL0Xa21DQkhC4f8uD7pMJOU6RumNKiJsVrQ52Fva9FVYDt8CiLrFk%2FHuahkkvDup0K4mTouve00HGT65DZhPTt16bQ5NEEugU
2024-11-30,男子确诊肺癌医生一根针冻死癌细胞,66.4万,/l?e=92bdX9gpGdNoGQQ%2FBFMEbc%2BfeVHUmk4QR9apy0zGX1eYhYSePVWqozN%2FZAIU7cB%2FddmSBV8P9UasntX5wwp8QtvrCdv9V0S4FRLn1o4wXMp%2BXJeUmyg7Eg3D5fL0S3F5jhh6d4MId9G5%2FRf%2Frga7YqwIlrbTHPQGt9OhqLwLQGIO%2Bi87cIzWx5DS9vwcMfGwAByQY3W9CDqtFqADW%2BrFtMnvZabUaahkpzxaeROd11EKXFsC2Kwp9XEd3zFTxBVxgu2WoPw9T1nPkqOlLKQFAbRp029qhfzh9nFfiR66u3JWRUdtnOLgwYL8rSRhNn7aO3oR5QcGnl%2BfCO0al1F6g7nJTq2e1JDm4MPZfAoscVCAV41ZRd6gDt6NCfrnXG45eYTc%2FjC5NOoR7xCXveQpP%2FqXriMnLFAYPPnD0JK76%2Fbg2PElYZbQX9GJ2DrjIvNFBjaKemg
2024-11-30,Langx被弹幕怒喷不讲武德,10.3万,/l?e=5fb4Rlw4edvCylUh3ACRqQivriofyyPgI67ZsBcEP5UKpSmGyeg%2BJj03AobsfEVvAAe2aFwkAP%2BAn%2BkSNIx0gEmdH6bI%2FcKh0LLHZSjXeVQijzXsaH9Z1%2FfhiZ5uq%2FLG%2FdORPv1oRP%2B%2FQzrWloxJwYBqVZGiL%2F34HVCFwrOn%2B6NZDvMP8ulgKf%2F7aWtsfEc%2Bt6wXcBwRrsCjBzuOluwAK%2Bgysv9TIAkvDD29I3Nh2iqlvzDpI7A8eVch%2Bhhy4ma7Sd9jPDCe5zRDsh0%2Fb58Fg%2Bc%2B%2Bc3DL67UG7%2BXUQNtLouJDW0Wch5UyQgnhYoHrEIYOA
2024-11-30,黄子弘凡走心长文谈港乐,综艺 108090,/l?e=8d54VAYUqlZiQEuIrAtQO%2B6%2Fm0jI8gbeZgP2To1cmghjX0c%2FliYACLQGyKCLr1ro6LtZsCHu1DZUyY8XIl%2FBekwSiJgQXq0TOiWd4hchIJiqq20yxZ7cqZpjka%2FCsIi7GtndXmak2wkU0VsICUbow%2FC1dXiqwGa9rKTe0KBNJt2XmQ8Mc3%2BMQRldiG2N0gfWZlZxX1R74V%2FmT485uy7nrahm9NU0Pye2QTkFcwOBHvBRGTQwdkV0HkNLJ58jbrK5sFYr72KT5CnfY%2FJaw5LeK4u1Biykk73IzSqUMVF7avDxuTeTRXJSpE%2BXfgjH4MbNX2wZzqUaFlDFYZ59Gxa9lzQqp12ieZtQQrI
2024-11-30,多地发布缺席城乡居民医保案例,189.5万阅读 | @澎湃新闻,/l?e=11310Sgz8O%2BIYoLzHwe5iYt%2F0afZRYSQ68FraLzGfbpjlHqJps1r644m4ZZHiIsuQZgkdJrE0g7ZlkOmjgyiEycCPPigheZKFx0WphJ%2FUcg9CPEHGyA1F1%2Fcha3xI1EjL2PlMagfvN%2FiVlIJ2YPXaKWLcjGrtt%2B4hQ16u%2F%2B4NpDhpNBuqvrLOqyYZjUZ3AWF1fwmBeXjn0v4cgjg%2BTX122YYuMCiTwLA1CUIR495tf0Mbh7nMwLeqSk1nOriP8DAz1F3YsZ31Nls9ekVf%2BGDrolltLX3%2BzO5Tj4%2BJtykS5jmWPFvd%2BDyw9NBS2iyvqPOUbiYupJlzGUzJDeZre%2FSahXf93xpqB%2FsPHJRGyyYJXdAg9dP1InYf4kTz%2Bbdoh6epagVaCZpFybKIGCos8hQn%2Bg7sk%2F5Th8
2024-11-30,婚礼前一天46条喜烟全被偷了,40.4万,/l?e=3359kJr7J6WK%2BL1b5mJkvsJrwAB484OV%2Ba2o0fyQgn4w9Ms45BGHAey29%2Fiy%2BEUFahl%2FaQslpfw5ejBQAlrbt14ajneo2JpXfKqOW%2B6o%2F1i6RZRHR4bSbAXoOcB6di00pCGMXfhqAtPegbG5gOIIbz2aRkwyha3ZCjIvWY2dXN5Ao0mWAzAbHT71WhsBA24LcwlO8VqRamm4izeeFvhZQpKCu%2BVk0tAf5zBHZh7ktKWCFZrpiBIUeX8kd4Mwf4IVI0HIq3dTe%2FzcHzwFXRmsggrKkEipbG8%2FkTwqYovYfVsVA1IwW5dLR6LvnJZiUVas%2FSIYBOYybs8nCYLjQLjqK2VFt7qTY2bp3J1%2BGCTmCNfNBmIpTq0oqpW66g
2024-11-30,陈都灵十二月行程,19.5万,/l?e=d0faSX4YuXYBRXj%2Bu8ktYJBuZrTCyu8Y2%2B6b78ELmboYwHO6H2m1bUOxQTeJCLrGnl2Ru%2BNnHMuNzOlGANOb6s6U8%2FM3t5dQ9%2FRj6czQ3q6uTJR%2BuknjGmLZwdD%2F%2BO0yMmMDuRGQW9p%2BHDuM1ywHmh7iXSC6AKR%2BiYBsI1Xhb%2BJ5eWN%2BXQWkII2GYLrW4joH5U%2FpGfTwFHBm7SNqf2yXagc5mOV%2F1OlZP5lTEyQpRYNYQKY%2BpwmIMhn%2FVhDX5udlop0JHd%2FWISIGmsgAjYhYqs3Qih%2Bml1jHqcbx%2FJU
2024-11-30,专家称艰苦地区国考报考率达99.5%,9.8万,/l?e=12b5KnhrzoOVYdlDSR2iAoGTWXPvYD5MkkxLjU1NvdZ5PnVFy1bhuZAwFLjNy5ZpjIeJqcTkH0HoLqBPdf0gqaLBpcdX8rfhWwSQZeuDiL1wVbSmEoXv3mDBqYi9%2FkrgW4PZc7890cqa9Pa6Hmazyg6zfrVJibQ73oeESuzahb%2B3FSmgqvJ85JL2shxsHgWe%2FZU2Oj2oMSUcMSiHD3yNXoEpbgDM58C4nGUBXsqZLOjYF9qFEK5crKn%2FrXbf%2BVHDzIlWaHkaKPfuULRMBcIk%2BCml7Dv8z7ylwKkswSx79SZV3ysKe6PlHpgM0I3X8FZ0KuaiVHSzleW1cHA8AMMH58G6n3I8EEpN4c%2B%2FUMHGhAY2pskUizYpMklQF2YV5l3nvhnwvAGWETEYphFdQ2hdizk
2024-11-30,多地考古相关专业毕业即入编,242.6万阅读 | @海报新闻,/l?e=300am4ZRlJzwOgnZBwQGC0o63PMzUz%2B0GNwwB2ocFlo5thB%2F3fv7fdNQdtYLOCV5LkTRNk7sJdhOZ1DJ7hSQmXs3f8dXXmDGDt0HW3h5V3vXpLX%2FyNHyddCi%2B1bR1nTCf9x0uiSiZn2lnavuqmUAWV34cBrUkHB8RBIgE1oPXVQqVTBL%2FCc%2FAEta%2Bq3Oj82neF0GXrGKaUEVT8dfUInQ7YCUnqOrfUfl6WqDttsWNsoH7QDxbMtCWQPxS3W2yH2KEcUQs4kyRrz6nmpSzB1b3gfnPJr3TcklGa%2BJzsCNlfFjfoKGXvoZcEcGLRtRWviCvio4uXV2Xm3p6WCox4xDB3dabbuOPqAqYMpHdO3B7x56y3iEHQYiBoXKehkPgha1rbigTigECmw
2024-11-30,白鹿十二月行程投送,14.8万,/l?e=9ef1H8xtybEad6Yx%2BLH4nj1U%2BJzzLyH319Gitlz3baRlS%2BkYxtMKDLQEDaZH5NJbyK3u1e%2BM8ArcHHDFvq4%2BxCvJaXsYPkAF1OQmHdaG7WpthZBF2Bl4tXJYylvCtziuvvlMH3dJBZYM2KAATxLUPfXOHFZ%2FuoOJgJB0ory9t4NexnhkPy%2BKhk9fpBIrQcoyz5skYvtpdsHw3QpMHRIoiPVv%2Bx2P8ou2R4NZ%2BFC5AZ72FADsEw2SLAWqaG3zWTtImLXwXN1REapxCHhEML0Fwdpf8dsZDr86vzIM%2Bt10nwk8EUP02TFZsMBSR6M
2024-11-30,莫兰特逆天滞空,15.7万,/l?e=62e6z%2B0Id9XMcXHab9wfFQ8WXpr0VXB48xjUKu29xEnEsXFS4UH4f7rXAjYXrF%2BGv9ljwXvvfuwYX7Ap5Cw654IeSIASPLSUCbG1W5Sk%2FT45yCLmHD%2FFvSPYmMOtCxZ%2F95MdPw2mtVm6fDezSQbMdb6rhe%2B5tOxbQsxATdxQIlYll%2Fe8Zv52rJGNQd0jXJ3AZrih99zbZekNUhCBfOg5BiOosRU4sPimmq%2BGfc45wREU6K8qRq5zt%2Fk7hz0BRJArwF0D8zkh%2BKUG4B3TMPA
2024-11-30,奔跑吧兵分两路走南又闯北,综艺 122986,/l?e=3102zquONifzWDxW%2BSOo2zVq4bvOvfReEP7hWzpphXHs3Ux%2FHcg3WqioyTj697QKqJQlU3JjP3IpPiMXkn7tP6VnMCykf8EnTpEsQwzWJQZ70AAk2y5beCi0MNqua2KRLqUcu1I3tSyqasU0iBcSdoCnPw2J1uX1cpY3gwuCGlKCC9wDkvwxbFHJXlZbhzNdZ4UZA%2BDE2ZuxLLMc%2F6EWlzywhTwkThXZ2tnuIjGQTPSpNr5CAqC358P%2BP9vedpk%2FnRFY%2BYU3tnjaoTuFlNff05HAyS5wM%2BUG9L5ZdOr2gjg6zVpQaLU7O1ts6U9LUl0UIAuL2GUjCU50IGh%2Fsh2t5%2FKny0wfOAqTBHLLCRp5A5OOKyhMo00E60o
2024-11-30,山东潍坊两金店同日被抢,10.6万,/l?e=a10a6hCtTbXDajyfFhT%2FEvP0cevMCh6nqTSAQacDc4zVUAhVINT1ZMJBE6miKWyeUuIS61SypxNGKcoo9eLnp6xiCPA1pJURzznkEwW%2BXEzyQhsz2L8mAhq33xm0tIQ1BfWc6n5Q46Bnq3cKEVrsuxbs1%2FlJYCpIY76QuY%2FJwJJN8UF1ALZEwxDQrIumGUYRWEbOh5%2FEfbXQaYhk9PPh31Fxh%2BZPAMwB0vyk3pBQuQyE8LrhYUybyiy0OJ5Uez5bMXSxV%2B7z75d2jKWT8y4ScjN3uGGaqUev25YlBOnoPN7EYlD2wpp4Tkr8iFpSvBe32Vhn22b%2B%2BGRMBHvCItnmFcyMt08Hh3keLEY
2024-11-30,纯白无暇的新疆棉值得被爱,294.4万阅读 | @中国蓝新闻,/l?e=f13fG3lCHIoS5FgC3FNM5A1RS3%2B0mDvSeBxDeELsjrwcydWTUlMgjM62W%2FVpisdjvptU1ItFrY%2FoCmkagY5dYQe%2FHqq7X54sCv2xmxrSGY2QUwnaq9cyqn7abvQ8BOuBoMWW5tXdL%2F%2BRw6A3RgBuS4JsT7E3OzSSqQdeZv12YaKNKkowcSNyO82QfpKzLcfT5OomXsT79E8gcE2xnl23zgWpPwq71rgHjN5Sa6H5ILWJCOYttqm5LDzaENisScaHvfa7SMz9fWqAPzMoRC7acxLKkOQy4r8cMPlgbCyZJSRFm%2Bu3ZD%2BL7k%2B4bkzU2TbgvTj2B%2FwdaNn5NNmO9X%2B3yZcn0YMv1kTl1MhC4aOD9U3QfPkuq%2B6l7jo
2024-11-30,推动党的创新理论更加深入人心,,/l?e=043dVJ3oqljLmH8U0WWcf4Gaz50C%2FsMgO0Yb3ev6Fk7XNkDe6lGkO7dMLEL%2FySmf2XouH6av1djY8IpqafAwYQqbBXfldvFe6r20PxuwYAtH5yzldMnK361MGpw%2FFObtJoGCoyH8AhGrW0L9D%2FhO8GHmqIhqNAmu2OqsZQY%2FrrAFOQK0vTykBZzEb7K5dMlGMhxDXewGsqerFhcolcR2hTcDjDplLYAPjJFiSvfXlIYld48qKrGKac7NwnrL%2BqpFG8hkiZG1r78Jhs3%2FK6hj4Q1dsif5AxIoLI9ylP%2Befra6GEfVggCCInW8hwx%2BeQmwo1EmTqHvfUlIPHa4lq6RZirSHX7pmjwHu0Cpft4lyTarjmy44KIwQ%2BrwMMc5EmOOAFUwX9dwMLu%2BRj0nhy29H1hhXfvg6tw
2024-11-30,大理一奔驰车追尾老年代步车致2死,345.6万阅读 | @澎湃新闻,/l?e=16165z4li27xPZdH9iGZB6AghExV5BpEuDaaQpERH3QSJ3qEJ7HXrEVhI6pOXFGCgW7cFy3c6d22hV48Z3nhe%2BQ%2BVvq%2Fq%2BtsImJuPjQ8Ce6tW%2BUXwXkaroxhmEWC3AWl%2BLyoTYsmSEFGzDMB1xUz9T4zFEqyBFd0LXePU%2BIHqslRizR%2BAtGP%2BES6fW7QjhOCwLHNSNUmDJR3N2py9Ua0JtLDivWVYXZyhDp860i1k96EA05KIBeDtHPsr12oU%2Fd6eraw7gJw9NzDWZso7DOET2T7UQ8Lifps%2F8BSUR7WjZvWDom29DHL%2B0tmuTfdJxhZw2oUmx9qrVO7OIKiyKj%2B48XPJDrergn8TKRuFo9EaCtTSKDyXYFFltoTFtoUtYIuWBATs9c0i3CkbcZHCcmEhicYO80T3tyl6iP%2Bw%2Ffo7OmSGCe3G2yR
2024-11-30,肖战致敬平凡英雄,10.4万,/l?e=2ab33SDekl45r%2BKwt9eQdMeRrEw7UqNAReMjL5s5tVGlmDIMpAf23eBY6VbIVoeptdfbcj3VrcrFf4WHp%2FUN0OAyDQFMoqvJM2PDYZ9LUgh0kihUFQuRp%2F6HhrWqlvECoqL9CkKqV9cR8EJU9GkgTUAl5mtlvvXLGKw8YDfifKBJ%2BAcGQ7r93%2FUeUdRPZ3yOfT%2B%2B5bJVB%2BuRwF7oQbwhDcB9UxZFeJhQ5f7BJReqiUZXJVNBo6t27j3mtpudzjtN32JLpP3UuKkUuqBtsFhzGAPXXVWEprhfAC5M9jQ
2024-11-30,乒羽混双大魔王绝版了,13.8万,/l?e=37f4FvoLPdQ3gNINg5lehShwqfVX00JYwmUaEROu6rtZ3%2FJXrTFIChTU5ENPuZuexosPeo05ACuIVKhN8fSlZBzglEOQDj0dkTT3QLNCFmpPUiBCpBglaXoZIX5cBWGiTZWOMEMzwh6QM6yB93p%2Ba5dXIZ7qTBetqhkj4Q5kNalyTyBmVi3NCMWIPSlUh0pfijpeFk0S0w0xgNdH%2FOWES9vuEULqNocFHkIl4fodxCDSyOU2824nWO8finhUHYsslSOwo%2B%2BIjN6aci2l6KQeKZZxae1nKrBXyG2EZXgUKJWYsRF2rI8fhUaFfDbC1BkSFHUzXIorukykQFI
2024-11-30,张朝阳不建议掏空六个钱包消费,33.1万,/l?e=94c0sc3XJwINKssHQD2kv%2F9W7p24JbTrNLoszM9HzcGx4NQQ0V6kIfVgt8okv9iGaSidDG6hAe7Zjtb%2BVtU0ONxflqMeI9VA%2FpEfdgtPAUSSsjH%2BSE%2Bdj4itRve3jpbeSk%2BwReCev5%2Faeuy9QcLGO1r7ulIayXrov3RCi1cxsCaqQRgTsPDqLMFqG0mMS9nMWasamDzM4U%2FRQHhpAa60YK%2BTbRMxaaz0ug4k8Du8ly4XWvcdzTbqjtZEaKN6gV%2BzcxAogs%2BcN1q7q7SXgH%2BLjaMWwYTjyzxUhZvpNXxRIS5soCq%2BawJrZqlHs2C31vTM5OT3lhD5XJT%2BuU1Vwi19URdw%2B1t4QuborgKtl5TA1hipztOSYSRBj5Id1j8vaq2zUmlqap8MueLFtZ9J%2BqJVsfPe37TGSp4
2024-11-30,龚俊彭小苒暗河传杀青特辑,剧集 158525,/l?e=5500s470y0EYEnbxfhd6lwiOqXHTLcg4oX9JSAQLtKlD6JefE9gRbjd6pydUK%2BQti5cDNalGsbPDrUy5qwfCfsz%2FZGg2FBUi6J39Tj%2BfSgSdYbgYDLp3R3vj1ce9D1qTIOQon0bEfAX8Nd9nabUzcsv3%2Fb1liJI8RnUX7UNqwtqAydKVg0FwgWMI%2FJp5nOKVDky8e3E2wrGfdn%2B%2BDdOyvbydEgnRXicFMa%2FYEZQEAF7M8q2txRfMR26q7B%2B8szKQA21OrJ8VcTVREZrKSDqjSZSUgUAruM8ERzB6HvSAjs8nh5hDJSSbEO%2BmMWGUNiKceSIeDpTuxl7mI%2Fld6h1PDWrpAFmO79t0Yst02b2FxcqQDbLa1zAxuxY
2024-11-30,国际奥委会祝梁伟铿生日快乐,25.4万,/l?e=456aWe70aUNEHxQsyix5eskDhJPDoyqKb4lcnWqb4lrEO57ysSy2%2BWLLBZD2LSRFaQfS0reuGn0uFwGYuJItSciwLqsoRjMYTm0SButmUCtOY3QkvcW8QNPI5nkX4YX%2BucN4G4XlPobpCV4GbKGeOMejkznF5EFkLx8byJrnRn7lAQbLpii0kSPxWQvIjlYaBL5hlSrPBk4yUy%2FFAGFbAenV9XOI%2FCIFjid2Jbqo3W1d66%2B6yg2L06SsiDyqmex46yaRdl1fAkwmcLlHX9gnuwNlUwPHRXV6cW0yzVf7wCXxxgabvSeQnakFZPTYl0fSN9iXT6Wf8e5dpfambnHGwwEgzf2M2m%2FOVN9HauHI3YFrgvfCZEBf%2B7NtSYWlT%2FAWMrCymbL8PWA
2024-11-30,名侦探柯南独眼的残像,9.9万,/l?e=b2b3CunxCW3nEsXWAVxt3HjQuTxPRVKfKh5gxjBe%2FOWE7%2FTL%2F8L9HtsJCHSwOajRjCZKRe%2F25oPqpZGPeVZBRqCf7%2BBS17BEdSHGNpZtiK2%2FSyyjFVXRcHjdE00BKsAJ1VM2mBKmgvbu96PBU7JwEpUDOd7xQnAifz4YgCvboZdToKBNSwXG6I660tt3X0K2ozeXn7hhuZ3qNd3TkQUzUXgpXN1zEj7AQYkI09R%2FdcB8KUEjQsXEEhZpTSnf5y8nQl1FnGxUR0AvUNng4UhiLeyM2DXHJTWEF%2BZsWZpMs1Yih3PjqZJCyUILQ5Ke6x1WG9YDNqqZvFbkAI4
2024-11-30,你好星期六全员晒初雪穿搭,综艺 192935,/l?e=66d4nPatde0EsioQ2oy9qe6%2FgBYwherKdR8e2rp0TSoJgIMfrH%2Fm20wxMFeVN9LEGcVYzcoY%2BMJN%2Be3YQyR7ExW1zX42huFzd7DZ4LsMzuOI36dsLTE8Qp0Jj2utOVg%2B0d3wDfHliwlQUGDgKIqDi6GgvALRVRtG2Hsdv4wRSBAZmDFkLMJs3ECPTfguce8jeLX%2BZdohF15sOaAbgxZaREWllpQOyhtXdsB8ymeV1tGi9HcBFCo6sU180HhawdLav3hFtgOPv6LBAfNQNJ5SwX%2FFXLqg3xdR%2FJuCcyUe6mNY8D1eyFrqZ%2B2KjSVshWEJmqpRMVOV3PeEg%2B1142r5PyqRHngPeOqAd7%2BWZ%2BqtDzu69gNMsvutg40
2024-11-30,刘耀文百花奖提名者采访,12.6万,/l?e=c4dcP6mdgBCOOFf%2BCG7iXbzHZ%2BjS42%2FEpyedjvIG537sbixUW8oHXR%2BbN3IJ6XyH3xB7qYHsFr2VnfdxhdazZ2MLKLtO8QRJw0cGNL54GFz2qNoQOqQw7Sn9cTqwxuwauyJtsPvy0miia%2FP8KBhoauTa9iICuAIHDlKf3XY3JFN0YF27MjxJS3LHnb0R2LQKh6%2FD41bDX36c%2F%2F1KGYQSt6TAPoIco06iXDd%2FHR6G0Lc2HzahMEr60mz%2BPw8jDav11Quslfn6uk9uFUtKckeXH%2B3O3Sh1KRjyGZjQ68xUSD%2BgfU6yAe0vxmHqGPFGeFQziR31%2F1cX4OL%2FX1jsXvXkhHAIwZ30cko%2Biqs
2024-11-30,拍雪景小伙听到呼救瞬间跳海救人,619.1万阅读 | @新华社,/l?e=9b66DVQJpU5FLI1Ho77OrfwOwz8AR85moKnrCPYw02VBg%2BKcAzgmFxCw00aLlS4fLZSZ7af96GMA9MydeKEPYdBDfyTs94iGyktik0BxMEL%2FmEiggOKRrmX2TgpHcnfQUmYOBd7iy8RMF6IxolmoV1pCW4GxhYGfEs35tthGRvVH72nT2RyOVwuJKm6%2F8P3exPVyLQpwOZ6Z3jBJ3Jreny1v1mKcrJ%2FZG4iRW6v8YHMjyNa%2FuPRCQ5Q933tL%2FyLkJjt49izLWli0RSgwrdvsq21QXup5fhaJ2wwnscebxx4J%2BDFbzxw4qurSRqksYRIAhGjjJZeNC0vGj08zdpg2rg0ZIFuQUfE9KvwddaCANdycbdI6%2Bz6Mup6Evxvm%2FpjBOg74WdFE9ovePBs4g9FPDsVhqHtzDY1SKhiKdwfdnncV%2BU5D7ig
2024-11-30,男子被12年未知女儿起诉支付抚养费,8.2万,/l?e=f558BWbcxPIhZaF%2FNB3N9vxh2F1wa%2BVmt0hH8EwFt%2BpsBKnDUxfSw%2FiPOJHz0Pc7afxChb2sK4vSjTS2DGhnEeg2Oy5UIlyE4BD346EA38bm6bLk%2FshY9SmOqB%2FQxQTCv8S1IyT7%2FIhCN7m65fFXldU01ZYc%2FM0B3Zgr1tAdj69oLfgYlR1Cm5yN8%2BYtTgGQhGw7cxTWe8xr4fh9hhQovlMJ%2F3b8Gw3yCplpD3nDVqUGG1rwVSgNLjQLzmCJDKZv8GXscqZYYLRgumffbDAEJp%2FbjCcXECLnM7XfAD7ESTM7cB7gBLjVhoYQXU2rntONTmLi8%2FDiHci0hoNZSoPphdMc9NRgZ%2B9a0LWA%2FjTtY%2Bsso%2F3cLhZ4cTjilTDFobeYCCKxdSHL%2B5NJB8HD8Yf0z6xfNXJK9nvBNIPIXh2Xis8cgXALgn2FdQ
2024-11-30,再听听志愿军老战士的话,339.1万阅读 | @人民日报,/l?e=6d641E4pYHEz3brZbi%2FCujD0DmyUUx6sbOIdyIy4l%2Bsv9vQCQctsnjNLkBVmAagCCYRwzs1PVIqhG%2Bblb%2Bqvx%2B9IVerOXGMbegGwVuDZLcwoC8IbnA1ZrxSir%2BGEQHzZGT4QTYfuvS31tPW83FgI%2FongwXVc8D5ltiBZvb%2FG3AqiYIUyj4Pj0kK0M459VI5iGYowZol0zQFnpH%2BCzzvv3%2B3LfFobcT4maXDfSh5A8X8KC4GuklnCh4VArSlFb7iYu4zoxFQH7iiUZSyBb7GP5%2F%2FiNHHqmDi7k9DIZb0Tt60PHhXyBmB0cx%2BHw0Mk2f5c3UnxbJj%2Fz%2FwywtmZByNowwXkaEFYjquA6Ig
2024-11-30,2男子捕数千只鸟被判5年半赔36万,28.9万,/l?e=379fXcibMd712HVKo9QTg5aiQTrw%2BEDJeNwsNx6lqCYVhegNJIQDWDpaHNDK4CBJU5gnCIIW8vhXqThepPCol7WgWksn30u6Pbdsxqzi9Ey%2FgGrpwGPaKxz0coV2HUrWnsBHmRFUuYMnq8dDxTOWCAXtKhuKzK4lrq77q2rLNzywCKFTbaHvUO9OtPUzsGRlXnH1n%2B%2F2MFa%2B%2BTGZV3CF5rEAN0Q8Y1kUO%2Fv%2B7soErL%2BckP9HnQIl5%2BwfLYt%2BoYHNXRPiuOLWwBijFVEVOsVPhn134PJ20wxUOvsMWKCG7TZ80MGM083dusQ5AL%2F6BuW554rFtLEydw1powPgB%2FUxTn4GhWKhOox1sHF7fbKbNdoakoTenJgRW6AhKSOW0F0SWYgC63716v1GVrAy
2024-11-30,孙颖莎上演高空杀球,11.8万,/l?e=3906wGMLFOQO5bvFddyV6TrFi3NSGIA5h4EyzloDuyxBQAlzBAXjsryWZtS4qEjHmIfa9tkrRon0za0pCXn3f%2FJWQUhJ2H1cIbv1ufFAX9cixZECcaaQjWpW9fJWBwzokQqvuUwqI%2BLip1TBgkE6jX%2B8aO%2FKbZueXRCe2Ad1gVZonGLwimEKH%2F2tnLEG2AynkdPSUvYEnoT%2F%2FIlDmraNeZ8Z0oLzIk26Up%2FlnAf4pVyE7WMuWjjdSRbvZrWAfDR0Ex7ttO29G9hzUvVEH94%2FtXatQrt85mvp0vntigBEidQM7qKrgLtLDrte5Ig
2024-11-30,MMA颁奖典礼,音乐 157212,/l?e=0a89Jw6723F7HCMJCZznDwIhwMZR%2BQTGNp%2Bk9igZFFZXWff9Qv1m1vhDLMV1zG95YHgCPg30FgTQ7kuTh34H4cRQ%2BOoSJ3IPlJTUAvP6VdST8HmRw8XN8mfbopNvmp1naTHrsl1xua%2BzE%2BF6w%2FTTPjlIaN6LGudipZ6qMQbqu8mm3Y7W%2BikQ4BuD%2Bmu9Znj7xuJdKSBwO3ZWdpM1xvL8%2FpM3xGc
2024-11-30,谢娜 云中的二舅,演出 98072,/l?e=936fC%2Fg%2FGqg2pCyvtkYZltdVd%2Bi3D8fUtm8skQl731UEPSVQdNyfmcUCDOsQ88ptT8smE%2FOY55UA%2BGqctZurIcKUTr5SDmxRZRhc12VH68W%2BU3Z9Kn9lTqSxUsEESX6urAJkXfrKdRZwmZgnzBfpCb7vbql16q0gAEG8IoGIwtyFc20tpdhX1uF86oswT833NkSQnBUIutllOieAHM2%2Boem2Myd9QOzFx0iGmIsXe0QtasMoC0MT9TPPuZ4q5fblh7ZXLFLfOefF24JMotKaxA0
2024-11-30,这个11月因你们而熠熠生辉,8.4万,/l?e=495fT36DvlLknhrgLpjZQ3eyJ7n9JqeKCLhVXmL2WBVmqqeZ9g8SLfcYSSDctTTkfgBOmvgZhSUTRkLA80rzZSYCm3mBa7%2BOx7pcMW6cp6oHzhOZjhIC6qLBFN9eIw1yugue57KnJdzZAWdTxhJaMeo7mHaEyWdec%2Be1ZRyAuBHgFTKliBiDA5qmWsSPeiMIvZn8ZCfhOy%2B9GAqT6f7oUYAS%2Bttu%2Bho%2FFyPBnHO0pl7az%2FZBQksKk9jYbNXStP%2B%2FpQdJYwZ3TS2dHnXLPUM2QQLqWnYGlflf78akW9NVLG%2FOwvgWicg0HeU5wsg%2Bm79%2FpqSNg4qgMpjEITB6C%2Fy9gicCDRFdxVmLcESYWA
2024-11-30,2025国考最热岗1.6万人挑一,16.7万,/l?e=cb05YncLPeHhi7ikaUeq38jQrZ0Zjcor77Jd%2F3eBgfOLuLQhKBz5zwz0DfW%2Fc2is%2FrB7HP7qYriY3jxJI%2BlCRn8i7UH%2B%2FKPHR5si%2BPrqFGmjgiGOc2KtfS00I15COiTEyS73oxJb%2F%2FGAXBM1HTYV5qBUhz16Zi%2B34es7zTAJ2Al3SLPtBkzoXscalPshC7ei9AbGrG1vpm7FBbemCTgfmxAWRSUFm2szG%2F8Ul1knkG9GiL6C5nHOoMlQJbJZb2n7LgD6B3fH4zxzcroK%2Fd3i2mDhHiiGq7dkbF7Ca%2F9i%2Bql%2F9rEElp5PMnMV08tM9S9bXEiO
2024-11-30,男子殴打父亲致死被判13年,651.2万阅读 | @红星新闻,/l?e=ae65CVpAB5JORV4%2FsmKeLmTKSLTL0Rr5WJ9%2Fi1ZQ%2FaplSUYRo2RinM0OkLJWUqxrd9lQ7s3syg7mm5AgobuTW6dzpW99Pe%2BfXhQJoezlzq2AyRBc2PR%2BKz5fPyWiCWrEp3UMpLMa5Tg71BJ0iVUWMmas2wtHWzd4Hqisg1aj4vW%2B4zV8sB0SC5fv9fYS6zN8Ix1ZPDl%2BxYN4Rgptsm6G921R1qbwDaglWiO%2FyJdrPlFlY88UtjLcaoicGgtN2kl1%2FeeHA0UwjVqtXplNP7LTyneLZuh2%2BOrBtK0UGAPst9Qc%2BFcwFMgGGk%2Fk6ckQXZx3vWAgUoc6UT%2F2JS%2BfFhie4Fc33fwMpnlToSDQfg
2024-11-30,成毅徐璐演长安二十四计,剧集 116329,/l?e=2237a58tqfIJcQAix8z6dtY5P6g2kYwpCrMznZSjAB%2BUVYYkN2uugXEqkDTHFl%2Fp5qYw2qXj2%2BYhAQ%2BsEnEJSNz2Y3jSVNvY2DOr06rGXe7ktvITFnXZSowMViybPIQU1pMTY0JFXYB%2FyUP6ZiolBV0pLJCrAGY9iyQGiVn8piccKz2qg3Qjxn7SQK0%2BTYEcBHzLRb4yKpDif3214b3pvtRD8xawvYJl5IY0eXJ92MaX6NYACiKUZpTGZVbqO0etqYfB79xj7RbVtnNxhKNwJcKVS4dkWztSb23%2FrT%2BGXyD6kXXPH%2FScSb%2Bzq5UI%2Fu0I0SvPFn6EDlLv8D8QHtq1Qy5rdJzjgQT38mE
2024-11-30,成都混合团体世界杯倒计时1天,24.8万,/l?e=5e6abjRxPvsHiXpXb8w4WZhkpVpVZ5UfZl0WyUkGE%2B4Mz%2BcQiMWVeBFlelG87CEOHucgYGXhqp7Fs5hU%2BEfC%2Bqs9rA53QnQlLqv10atIrABT%2BjHzE%2FjfFdFQHL6NvNXageBttF55WTbH0gskPYPpcrQSRIXqPfnbf9EaWE%2F%2B1ENwPiGRkdtAbewjBj60qrrmb%2B%2B76sx0l2mp6HGQ49%2B%2FHInqEPhx%2BIudw98CIJ51MDjNkgknMU6AEvlE%2Fb8j9P6L3IcVJssMOzWblzL%2BmmHPj47S0p8LvzL%2FwqXEmTjy4nJlqiKdG%2F%2FZ9wr%2FiX1ts%2F9tvnGg%2BTIZPRpvrEniHEGAohpLSrJAQ8xCH1xRzHNdVscxGgCkcoP6Ko0XLQLWFUrPzuuUJsMe1r2t
2024-11-30,蜀锦人家今日开播,26.9万,/l?e=6e452aRlylGh4Dcxk%2BkRhJ6jrQ7geZHS16Xd%2BIpWeRS9o1AtLiS6JDSoe%2BSU1hGFZZuBiwhRfwNr1F8m35JNA9p7jV%2BIjhSxnHYBrcrY6kWYRUscqn6MmB20m6eMRoOq7OuH1%2FQx1in0Ka8BpUwiYogPmuvdAapL5XyJhs4kSCq3KQaMAd54jL0w5KL%2FH%2BMVCXoW3TloSUwxKTu4dcJrpfAcgfqqFW7BRnI15gX%2FiXgA8OH5CGWvZhni%2FVgjB12s%2F6cLsMChqeDIuVbw9Qa9FYK6NepipvFaVRoDAfQ
2024-11-30,十二月行程图,11.9万,/l?e=ec7fBPV8bJyVy8KgtsMRpSrtFx4T7VW4hxnqBhbHrcPDF0Y2lpKG7aFaQTdp%2BHtlDaKqgDyqvCLWJOHamd6c46YYv0bfRHkMCbO3o27SaJtISNS1fid8xR%2Fi0pNZ9%2Bhs40npOxEsuUwExpIN1FZy8w2UxNWymTi47%2B1mKmCHo1cmQFSXRb%2BmW7d4p8Ixm9C3xuTBrThULWvfFyOYi65gu9gg4zpVFduPEMQ9I%2F0wgYEcwlY%2Fxin%2FnH63iYRxWxA
2024-11-30,彩虹夫妇第4胎产女称如愿了,32.4万,/l?e=ee21Unf1VhPHL%2B5rxWoIg01ez7x1cF81hletGCN9lQjB64GZhFTNO2C7bjgvavWJX4Fjg9jYNaJMPvRG3ii%2FGt%2B4utXVkrOfDxhHAOyH4aic5KWYoLHjPBJMKRrS%2B8PhwQpnPUpI68hXWQpVAkIPk2jJdUyE6Xk6nnBP5uOXNSpGMU75yJyqTrklYEVF2pxCRPjYDvROzB2WCTKdcyalEVvGLOzSYI9a8WMvhZKFFQXcffqxpbTTAzPhX3nxjtQ%2FI3pjJGH4ZrbEz58Sf%2B4myec5%2FYVI%2FFUMuQFD5KLpIFAMkEMy9MGlcqKR6Wq45d0bEI6Yt9FVsazgTD7kV5QoIiHObE6hYr%2Fp%2BPOXQiamUIvaVaLFCCUOB%2Bw1
2024-11-30,叙利亚阿勒颇战事升级,1307.7万阅读 | @央视网,/l?e=4553XjrCIfq8rPGI0QwZcO%2Bro%2B92yzukt9sYxqlS5wakpg%2FWUyYbzf23bRcFUZJsEikp5Tmojf9W8%2Bgj3SsN4kfumT3zZwyCH6LphtK4yvQGxZTggoq9F2AT2djrixCGeVwCI%2FpBekGuM3jwW8lO8T4u%2BslOJZ%2BeIYCo1dUypFvn81mTEcIHgEP8c%2FtTVuLOv1r8qtiBhhXtn2T9xdH%2FhgQUK5PHNETZlBAn5arJc%2Fcmwxjz%2BZdI6IQv2xSK74ngf8Yt71oyWUjeAUq9T5i2tbF7pgN6xDlYaKPWVFNgBewipJDaz%2FbOJrr8TsyWfQyjqJ1Kp2w9kKqXqwQ
2024-11-30,加沙人说生活在恐怖电影中,293.8万阅读 | @央视新闻,/l?e=30e8vZsa7KSmbRZ1wTE%2FyBaBcwlLAIx4Ae9aCSSJ%2BCZsepoHD8uduBY3TEHDwkCeVIRV6EGnamvPhiCJmadxu4I2tGw%2BnuDaSG6zQnJZykIflz%2FbrhYgVR8xM9HkKq98dgaViZSCBaQtAyu0bwpuL8avHJaKKVCoysSXab0jyF9kP8Z06H6dboy2HtIx1NsFTenPnNXNJwRbenCzWIKzVRBIQ2qzFDZOESaKpiLBz6XrotX7JvIoEoCjJTNKGOdf4Us0WvpyQVKkMZ1dHVjdGdl%2FOuADAMLl7rHuFVoLbapbE5ut7EfrUC940OWvyv6DvKifNh8Zoain13zi%2FJKIiPYiryocvE6JtaaUT6sLn9xH%2FEbd8iyNg3k
2024-11-30,2025年度国考今日开考,12.2万,/l?e=e4844Xc9bXXDTKxkL38TW3PK%2BEzVHXjR41K74UE4nODIHB3On11BRejSeeNTzj7iGFj45PkWXIpLZkh2rvpr3UIFe8PaCV855CRZGLNAOSGbiBnompU6Xj9NzpS4KOB4cUDzMx95r0hnevpOuFv0y01uoEh6OwquLk45drmsje8Vml2Z5kTZCpw%2BjeWgI7SRp1SJAXs3GGMREolDPt8Q5V222Kz%2Fz2lSiparL9PBL%2BIPy%2Bz9z2pl6JIOHSIsDf9ePJ2ohX2W8WnRTegjXh%2Bb0Dhf4dV4z02AGzdN1orW1j24
2024-11-30,合肥LV柜姐离职后开始卖货,35.4万,/l?e=757a5FxkB0DR8IoGwxQXico66KvQP6WnCBXqJDLgg2Oka46jfRe4QR9lw9JXAsgLSRdbaIhIFf4yp2BHcKDv6EYyYXI8QOmrsr0a4iFxZzorQ%2F6bgtY2dAm%2F2xQ81s6HnrbjEKQ6%2BbOscgzmOxrtvNDwx7E1SSVeSzxY9aedMb44n8BElrd3BmqlP99xJklyXNeSj2g8FCnw2tTXMFA9K%2F8RGcDpZI7hIcN6VJSLzZczaCz6BDjBGgSiHRckkexQPa1YX%2Br%2BFTqFNCtQCDhjYJvfteV%2FZaePA4XuWfvB1kCRDdSR4Tw1mX4RUS1ehRs%2Fn5LXC44piwlceTwxiDAqVs9b%2FY9nbHWUugihDA
2024-11-30,爷爷看中LV皮鞋柜姐配合孙女演戏砍价,11.5万,/l?e=8033w4IUWLaUyZ9z9wmNM60OhzBxgN5cB3p%2FPvBSpFHR5DPsY70P1xP6xlVKg%2BF4FRDPbg%2BH9DmxhYikfdrPc9KEBJc1tdE%2FYHb7rVh6fMJo4k7KDJ9Z4LgiazyxkrbDs4MJ40aHC6Kco1vN9mJyediGdIFsAb7L9%2FhM%2FZ6G8ETjSZlqqfHVMd%2F7OO0tEE96kHEQsd8v33FrLUgAW6dxBA66MoYExyhjYlic0BRV%2B6X27QJhbrvQ4jcYEAFgjgRWOgy%2Fekn41%2FXjnzMubdtJKrtbz5ersHbegZCk9O8Mi3e8YUOxL5EIIQpUw6RpIRKVb8naZgy4iXLcq3VepCYc11OrWUvwZy2CtOXEtgRDlos%2FV9DjgWgldx%2BaI0RdxRaivMOTsEspK8nHL%2FwSPiiH6m1U1MB8vXILvrohqiKWQMTyVkSsFqPDs7t9%2FxBw2nDPuHtmNU%2Fpug
2024-11-30,周密 刻板印象,37.6万,/l?e=3839e1Ctq6k%2BcUTLSR%2FvzvWdvRoIQ8OKNrMEzgxiK8FsF1cNS9PkeEW16ylzxFEKdB0wTWNMjbsEiU2kYyFvfPHsyPgcVji7ak1TDeA%2FithxwuXpYkwH8esq39fMnYmdnBe0dI50kCFq9d4lgpdNojbmqFimlEsVg6rSQ3rtYWA7F8W3RlkED7vWP1yKSBL5QURPC7kI7pT0JzSpgHgXRcDou7Nh9kVV%2FQJVm%2BH1AUDFY8hA04Oav64s5cV2Yt96WGM
2024-11-30,papi酱 是狗把他带大的吗,53.2万,/l?e=799fD9hM1Z3LdTGVpstXG8NCQZE%2F%2FWJmH1fUQFAwUWQK71WMqEL2fhcr5W5IMGOBa%2F91pTvQedTWqgChIBFa1k5MVsHb9QIEZ02wz9h9kzitaShJWC8mQHh%2BcpH573M%2FGVd580qNmNydBtxZIYRfiv6T%2F%2B3ZNRoznvo2wNk3jYffTt6JpN8XiTOAq%2BEKHDagHeuzfEARwM5dCi7Mtp0LN7cVlAXYvBRCFzjkBXvmXq335p7LdEaUgOtHWfgduPWLnmROo2YDlEx7%2Fm4X2bbhJ9zOBDz23gSDwXiTkl1tNK9N1MK0hCZk2sHnpTzbqyCW3srs
2024-11-30,虞书欣声音好适合综艺旁白,9.2万,/l?e=29b0BNg%2BR1gwrAZNDmZ6vgDnNxfhy1TObrYp8Dr12M4EzCR4orhPYAJGBwA2ZYhNRK6ofDY8y3i6dgicq0S5VemtEImUYGro%2FUCNdBEFo%2FNApqg8Qj7ZjRQUK9w6S7D18Ry53QPotFv3oZQAuoiH1bwZ2ItKLqrqRdU1xhWkdbOIYZBXEZumhu0pCofZkc7cnvdayqhaHdGibKLoAsRZ5P4vSMsfJH8WAL5s2mTiFR3%2FVFJMlY8004jU8%2BGGx1tP5a2wliStvtHiCidrffNVKCa2ofkaC6VwZmeAVf9DPvqBVcvMVJONpvSLfS7Rs%2BoLRAYxE0ru2MO%2Bdvlg%2BXQYByDXE1fo9kfZSYsEZClowSqQBDflXeY2uAc
2024-11-30,国乒最新赛前训练画面,9.2万,/l?e=fd7dNWSOLSbRif0VzYzKZHYWD0k31S14ToZq4e5CO2EFY5fASybs5t3V2FALOiA1l6wj3%2BrFJ7Jd8galmLlLkSE1SJgqzknpNSG0MIzRdmUohY8OlGI5vDEswKtccZvhoaPlwMlngl3u1AlJM4AncTdYVUoJPTeSfQncBnZhOqLIS3Qo7jEvsExvatfPLrMoPhiiNKzX2sFPwGOTzLOO0unSjK%2FxVVhiDwgdFbOizOvpgouJcEbkwLX0V5%2FZMoXh94tFdvWPHFvV%2FVfLuvq4kWU4DWHSVIB5WRmxbDuP2Gv%2BWUbWw0lluUhQxQlxkDHcbR%2BkxljByCG9x34
2024-11-30,曝姆巴佩已找专家治疗,9.9万,/l?e=1033Opk1ccFzHYLwoDQH3UEZVSThEuLLACohy%2BDIWppzYeJuEpgQ9Df89pwbGz9VPq4%2Bw2b11RkpWbAXluyTvRp37GaCmamhBuDx0nCzkV1SfqqVLMgeBlHnUmsLf%2FANNk4F5I8%2BXq%2BmrLvvSv4RIVUJDp8ZDJbYTum0lP0W6sHsdJLqwm4Z1e57vt2qbVj0CS74XACCv%2FdkPXVa22ntcR0jMXKGV2393oW1kJOIjhBfrt8vk%2B2f1K9K3dpAwX%2B%2FXAHg3UucXXklc6C8A3e7ot%2FAzw%2FBFDwryCV56xGVMwYsVPizbeYt9G4VOZxnM6i6hut6qrJATtrw1dA
2024-11-30,2025年度国考341.6万人通过资格审查,12.7万,/l?e=03da4Ra3eFrt7bwZIJPFOqa9PTukQ4fpSCCZb2bu1wjU0QI5V7bScmrFizrmvMG7qyrMjlzorvMJErKwlrNbbXqg9r01ayK0nOwaQKQOTgLzupj3JphXt6jDRUT9gXGiDcHnM%2BiSVEYd11AL88cQEUW4UiKfAqMR57eWDpAcjs9t9eoj6qy%2F6zVHMfc%2Ffir1OAeG2ecTt%2BRkLds4RQG3z%2F6YEsGwrv35ozZZAfKdB%2Fv25rUI%2FKO%2F3Wag6EYhkDsOEu2NtSsqnrj1%2BBxH6cggLaLiWKJgtwtUkNQ3fIoiH2yEr15f%2BhZH5vqok0%2BThq%2FW9vhUCXpU478d6NwN%2FelrxpXtPPXI5%2FlogKU9EoGrCftHHHyT7QTGCUtpqCkH5V%2BXkhU
2024-11-30,2024成都混团世界杯抽签,16.4万,/l?e=329ao4B0TSoNC%2FCzprZZESQqExBj7BgPIw4%2BjNut59qVYp5GLD50U1CgUiDJevt6iyXMByastoG4eyrFHgWQVM3tE57np%2F5BLLdy%2BqjSMOTdxEBJXINpGyaEvI0qQvlFr3WPasc4V4ZcQHzxpBQAN33DihSs0TAxdU6pG%2F2RQSkfB1oo4kn%2FbFxdIaPAR%2FpKXpi9z6qkQY9ER8mJHiRKMD84FLJ45aR2%2FKOf09wEcZ8eZghAeLo72wsGHkKn%2FCiy0Lwdr%2BPeQYl%2FWYfSoALpKFu9ieBXmd9NRNrtmXBsX9A9iZXJLxwmlmV2rA8pGu%2FQ
2024-11-30,有消费者认为优衣库不尊重中国市场,1197.2万阅读 | @中国蓝新闻,/l?e=9f3b%2F3gDmrL7nF5xLJrFgLQ9nJrGhNqVoWNdHk5mromxlSEPDTlmiBaVXm1FpQn7GnV%2FDadP4k79rAwCqjxmYND9su9doX3SA%2FZICrj%2Fs9Qa3uPJUiN3aFVRPk5QPhxlLQ21R4Mmlk6EeiqM8Qz9xgBVzO%2ByJvS%2BFTdkUL%2B4THpHNpBLLBGAv3gZc53R6i0Lfk3AOSA85aiCcEsvlCbBDuTXPiQu2b6K4gkN332s5WiKpCkFKXpEmYxfwOUgUVza9NK7NvgcAYs2hzf%2B0Ov4639Ux6RXFfvcOnklTIfHC3UIgiFncDFFdhw6LcsDWdAo7do2r4gC%2FDmzOFnTGF1e83e%2FXO6gomTFB58xhPev%2B7lbLt7zVM925Ie1My%2FzZWp3sw8Y6hfrdoj6rbq9A%2BrfNx0Xj0UkIcREkI2bynr5O2IygyIiRXU581RAYlsyNAMkxKEeVAE
2024-11-30,黄景瑜 一起许愿一切都好,10.0万,/l?e=b587RuFq2JRW3YYGhP5DmfmDbKIW5%2FkRK8WXVyTau56AayIboAo7G151lE3249sk40e1RyxfkVbsshnqV14CfAPwKZUustYi02kYCRmLHAI2gTBdmYOtAd2ZCS0jP6Q1kYpZ0zrVavywyBssDVUkOfcgKH1Tf6eseUPu9h%2Fjbf8P5Iy8FdPCCd9CU2YKLYgrYuR%2BwdZBtQEZQT5iNz7OHccWxeCsG%2BXVY8eISt6m4KrEuMIJK9TlZoK%2B1xVZGKBcLmh6zpKIucf8TRWWsQ3%2Fqd1V0Y%2F0UNd8I9APAZppaTGKbBkfDWuis5Inu5ifldJ47SyI7Ipi8w0ovQBqirXdF2fGGn5gzcKS%2FZt6sPA
2024-11-30,加沙每晚都有孩子尖叫母亲哭泣,617.5万阅读 | @央视新闻,/l?e=bef1oZhnw%2F5%2Fmqe%2FIwghvsToMclgPwZDjTlnddrB36oCrXhZ%2FXcfSxhAtuKb7tFOa1Gs4IQOILf8nsyENL%2FppDwbMmKVpFiiJaDMBizPZ3IHx3q%2BX61nHlgcDc52UeFgNULBaJVrvp3EgGYZhO5gSGciDGYYG27i2uKSMAUg54nS7HYh83PwkA%2BHPTYiFhVNDfhLQgmqBdTJlTGDjkiBrQMhT7RIhNUFhaZY3gQxc%2BP4vQDiaJv%2BoMS6bqeLWpucHA%2Fo3eacRPWH%2FWpMl2bIh8kZEPCckq1jeHX5S3qYVTDeMepITV0I%2FNdeov9DXdugm4ObXlgiT9Fq3OxKsyES4r7lZipX58EiqklOfQAoGtpah65pYAC9BWGcx%2FuzWXFnbDLN12LGGM6Wr98CrU%2FGFxjX3KIO1Qo
2024-11-30,丁程鑫回重庆plog,17.7万,/l?e=cf8bs6%2B6So8d9I9CuQO9UZ94mxgPrY20A4cJNiei5EW4pIKGJZddPDRFNqy5zyuLz1HWDSOKbWvbgUjywT4iuKOJMNNbgnrdFypalnL%2BqvuXVsBV80MazEwpUz0w3NK5p5tusvyc9D78Y7OZCh1L5kWCGAobP74cKDXgwKDgg26JJfzIIdQoQi2znm6HSeZMLFSha8FeY4zaq948t2KP5AOW4yn2QxtNTQ08AG%2FH0uCWtYEHdT5iqXDArImZT11%2B16It
2024-11-30,石凯捏住了丁程鑫后颈,综艺 77272,/l?e=37cdD0Bnw9GL3lFJ6CKXFB%2FQJiIdUiqGatQPZr8mmekz%2BBB286TfpBRQK5k9SW9JKoN7yNySoPWhjmLevjKzDlvzkK4qJjIvq2L%2FD1VwR24Ec2OSNMbRBRwzKNOWXA358h336zUV4WPoyBIF8ExC1uqgBlRdVxT5cOLHI6ptorRLjWtJ3jjIzCPDQPZ10e1pom7%2FAj1DinDWUnJnjNHGc9%2FPLdeTZiD9QB%2BbXqiHKNRt%2FlcXjX8xTA1HOq5U28Xe4HbkunX99VD7MrwcrYZRi2Amub6t9igFYE%2BjNEHI%2BfaQdaidz52igz8Jw8MPlDj5OMttv0c6CDt9phI
2024-11-30,婚礼中途停电40分钟气哭新人爸妈,25.6万,/l?e=e295WpQVDIJyu8P7Pg2p1n49Nrcoi4cBUsNcmi0odBUYFd%2BHfSQ%2FVQK73r%2BXWBWQcPqMnGcfVQgIdbsFhkw3p02gL5LF8cqq74Ky4rtEZ5Lkvzwzy3TmPYAY%2FEXnn%2F1yM9E923kOHVqGsBmJJZAcpnlOrd%2BUkiLX11xcc4GpMY7Bifhv194wMH0mJnHKcKzk5GVBEAjGupAwYiiy9Jccwh406mW665MDrl1lx7MRYoDlszs%2BSRHlebXQN1FxLzv2D2AYeSED%2B0CUu0u%2B3SNMn2WufqkBzKMPWNSW8yjUmmNfyUaGMbP2roNMvjgyf1Ax%2FAB0MA%2BFHhj8j3tHhY8g9rH3DHe4wuRRwyw4TKIPfNZNcXllxovs%2FfI%2FwFhd8EwebkZW4xN6occXhRtEgq5fAl2RnxzhUiSUrg
2024-11-30,曝EDG签下Angel,11.1万,/l?e=91540rLmB%2B8dj0ZPoH9gg0gTyczlkI9tVF6BFK9fXqKdc5AFDEX%2FzH6OEZUidf0nHIvku56bF3LffHoUjLG6OVnmqXeRBAdVkDAdSCAvyWiDOU103UBEqDZxFbQuPN47fLrovC%2F8q%2BTpAFV%2FgdMjtXJ2CpeX8uaPKpDYcYH18CNf6zH9WVcVXMQ0ukhNZ4XLMNqHXkRvU6RQoA
